YEAR,MONTH,Carrier,ORIGIN,DEST,carrierTotalFlights,route_total_flights,n_carriers,HHI,carrierHubShare,carrierRouteShare,depDelay_rate,arrDelay_rate,cancel_rate,sd_dep_time,peak_dep_Count,peak_dep_share,YEAR_MONTH_id,route_id,carrier_route_id
2020,9,UA_CODESHARE,BUR,SFO,30,90,2,0.5555555555555555,0.06030150753768844,0.3333333333333333,0.03333333333333333,0.06666666666666667,0,148.68252453953113,29,0.9666666666666668,2020_9,BUR_SFO,UA_CODESHARE_BUR_SFO
2020,3,B6,SEA,JFK,58,247,3,0.3480961825304463,0.01140684410646387,0.23481781376518215,0.06896551724137931,0.06896551724137931,0.22413793103448276,488.2742005773958,20,0.4444444444444444,2020_3,SEA_JFK,B6_SEA_JFK
2023,12,DL_CODESHARE,AVL,ATL,32,181,2,0.70892219407222,0.08257804632426989,0.17679558011049723,0.21875,0.09375,0,318.6722201117753,26,0.8125,2023_12,AVL_ATL,DL_CODESHARE_AVL_ATL
2023,9,WN,SMF,SLC,30,174,3,0.439820319725195,0.5637082601054482,0.1724137931034483,0.1,0.13333333333333333,0,186.72696891327783,30,1,2023_9,SMF_SLC,WN_SMF_SLC
2023,3,G4,LAS,EUG,18,49,2,0.5351936693044564,0.04762503932054105,0.3673469387755102,0.3888888888888889,0.3333333333333333,0,199.44033622218524,18,1,2023_3,LAS_EUG,G4_LAS_EUG
2022,4,WN,PHX,IND,57,116,2,0.5001486325802617,0.33656843298384814,0.4913793103448276,0.47368421052631576,0.42105263157894735,0.0175438596491228,522.0147006811903,30,0.5357142857142857,2022_4,PHX_IND,WN_PHX_IND
2020,4,DL_CODESHARE,SLC,SMF,28,116,3,0.38406658739595717,0.3473926380368098,0.2413793103448276,0.03571428571428571,0.03571428571428571,0.17857142857142858,37.76299085428575,23,1,2020_4,SLC_SMF,DL_CODESHARE_SLC_SMF
2025,11,AA_CODESHARE,ORF,MIA,26,58,2,0.5053507728894174,0.2771144278606965,0.4482758620689655,0.1153846153846154,0.15384615384615383,0.03846153846153846,20.410128204725545,0,0,2025_11,ORF_MIA,AA_CODESHARE_ORF_MIA
2025,5,UA,ROC,ORD,39,241,3,0.3926413112721888,0.04317548746518106,0.16182572614107885,0.1282051282051282,0.2307692307692308,0,435.75865406024246,12,0.3076923076923077,2025_5,ROC_ORD,UA_ROC_ORD
2022,8,AA,RNO,PHX,91,182,3,0.48925250573602225,0.11486118671747414,0.5,0.16483516483516483,0.1978021978021978,0.02197802197802198,449.27653909389016,60,0.6741573033707865,2022_8,RNO_PHX,AA_RNO_PHX
2023,2,AA,GSO,DFW,56,56,1,1,0.1364124597207304,1,0.16071428571428573,0.16071428571428573,0.07142857142857142,503.5005496963183,32,0.6153846153846154,2023_2,GSO_DFW,AA_GSO_DFW
2020,1,G4,SFB,CKB,10,10,1,1,1,1,0.1,0.1,0,247.9158683460536,9,0.9,2020_1,SFB_CKB,G4_SFB_CKB
2021,3,UA,DEN,ORF,31,49,2,0.5351936693044564,0.231758619022291,0.6326530612244898,0.16129032258064516,0.2258064516129032,0.06451612903225806,30.4784103512133,29,1,2021_3,DEN_ORF,UA_DEN_ORF
2021,11,WN,OKC,MDW,30,30,1,1,0.23365008384572383,1,0.13333333333333333,0.06666666666666667,0,237.2283176870832,30,1,2021_11,OKC_MDW,WN_OKC_MDW
2020,1,WN,SAN,SJC,454,583,3,0.6325035526304176,0.4208944006012777,0.7787307032590052,0.06387665198237885,0.06828193832599119,0.0198237885462555,474.4352202529011,328,0.7370786516853932,2020_1,SAN_SJC,WN_SAN_SJC
2025,5,UA,SAN,EWR,108,137,2,0.6662581916990783,0.10596647520806472,0.7883211678832117,0.2962962962962963,0.2962962962962963,0.02777777777777777,598.215489424973,46,0.4339622641509434,2025_5,SAN_EWR,UA_SAN_EWR
2020,7,AA,PHX,PHL,141,141,1,1,0.2819770806806343,1,0.02836879432624113,0.04964539007092199,0,559.0802032423862,109,0.7730496453900709,2020_7,PHX_PHL,AA_PHX_PHL
2023,10,WN,LAX,SJC,177,445,4,0.3136725160964524,0.15177045896423733,0.397752808988764,0.2542372881355932,0.2090395480225989,0,507.6583123728126,114,0.6440677966101694,2023_10,LAX_SJC,WN_LAX_SJC
2022,9,UA_CODESHARE,DSM,IAH,56,60,2,0.8755555555555554,0.13191489361702127,0.9333333333333332,0.125,0.125,0,442.4243918823504,30,0.5357142857142857,2022_9,DSM_IAH,UA_CODESHARE_DSM_IAH
2023,8,AA,DEN,ORD,91,578,3,0.4086577028531746,0.02712324744916685,0.157439446366782,0.16483516483516483,0.1978021978021978,0,413.66767790238055,61,0.6703296703296703,2023_8,DEN_ORD,AA_DEN_ORD
2025,3,AS_CODESHARE,PDX,FAT,31,31,1,1,0.2859609739250561,1,0.0967741935483871,0.12903225806451613,0,55.17115110253269,0,0,2025_3,PDX_FAT,AS_CODESHARE_PDX_FAT
2022,4,WN,BDL,FLL,1,88,3,0.5870351239669421,0.12605832549388524,0.01136363636363636,0,0,1,NA,0,NA,2022_4,BDL_FLL,WN_BDL_FLL
2022,9,AA_CODESHARE,MLB,CLT,83,83,1,1,0.453551912568306,1,0.07228915662650602,0.08433734939759036,0.10843373493975904,457.3623752350392,48,0.6486486486486487,2022_9,MLB_CLT,AA_CODESHARE_MLB_CLT
2021,7,G4,AZA,OMA,9,9,1,1,1,1,0.4444444444444444,0.4444444444444444,0,283.6418418436258,9,1,2021_7,AZA_OMA,G4_AZA_OMA
2023,3,AA,IND,MIA,31,59,3,0.42545245619074984,0.12225548902195608,0.5254237288135594,0.12903225806451613,0.1935483870967742,0,254.8475150241385,2,0.06451612903225806,2023_3,IND_MIA,AA_IND_MIA
2024,6,G4,BNA,GRR,17,25,2,0.5648,0.0321146794088232,0.68,0.29411764705882354,0.29411764705882354,0,337.0265415451465,16,0.9411764705882352,2024_6,BNA_GRR,G4_BNA_GRR
2021,8,AA,RDU,PHX,31,62,2,0.5,0.1451036454610436,0.5,0.1935483870967742,0.0967741935483871,0.03225806451612903,38.282014624078506,30,1,2021_8,RDU_PHX,AA_RDU_PHX
2021,1,AS,MKE,SEA,4,27,2,0.7475994513031551,0.00283687943262411,0.14814814814814814,0.5,0,0,81.26653677867662,3,0.75,2021_1,MKE_SEA,AS_MKE_SEA
2025,4,AS,TPA,SEA,57,87,2,0.5481569560047563,0.01233383582294093,0.6551724137931034,0.21052631578947367,0.24561403508771928,0,554.9060889410565,54,0.9473684210526316,2025_4,TPA_SEA,AS_TPA_SEA
2020,4,AA_CODESHARE,DFW,TYR,84,84,1,1,0.4797405766390548,1,0.0238095238095238,0.03571428571428571,0.35714285714285715,455.8430348295314,33,0.5892857142857143,2020_4,DFW_TYR,AA_CODESHARE_DFW_TYR
2022,4,F9,MCO,STT,14,34,2,0.5155709342560554,0.13892445582586427,0.4117647058823529,0.5,0.42857142857142855,0,100.48762976736856,14,1,2022_4,MCO_STT,F9_MCO_STT
2022,6,G4,LCK,PIE,18,18,1,1,1,1,0.3333333333333333,0.5,0,331.7100917477795,18,1,2022_6,LCK_PIE,G4_LCK_PIE
2025,6,DL_CODESHARE,DTW,TYS,84,84,1,1,0.33044573948653333,1,0.30952380952380953,0.369047619047619,0.0238095238095238,464.431068679684,58,0.7073170731707317,2025_6,DTW_TYS,DL_CODESHARE_DTW_TYS
2020,3,UA_CODESHARE,IAD,DAY,65,65,1,1,0.5451561930229731,1,0.06153846153846154,0.06153846153846154,0.2307692307692308,272.95670659185015,49,0.98,2020_3,IAD_DAY,UA_CODESHARE_IAD_DAY
2022,10,NK,LAX,BNA,31,181,4,0.2751747504654925,0.06231884057971015,0.1712707182320442,0.16129032258064516,0.16129032258064516,0.03225806451612903,75.30817146668198,24,0.8,2022_10,LAX_BNA,NK_LAX_BNA
2021,12,AA_CODESHARE,DCA,ECP,31,31,1,1,0.42653621695846206,1,0.16129032258064516,0.16129032258064516,0,60.94614227385123,31,1,2021_12,DCA_ECP,AA_CODESHARE_DCA_ECP
2024,4,UA_CODESHARE,HOB,DEN,30,30,1,1,1,1,0.13333333333333333,0.1,0,168.89715295368975,30,1,2024_4,HOB_DEN,UA_CODESHARE_HOB_DEN
2020,5,WN,OAK,STL,1,1,1,1,0.89117199391172,1,0,0,1,NA,0,NA,2020_5,OAK_STL,WN_OAK_STL
2022,7,UA_CODESHARE,ORD,SDF,93,180,2,0.5005555555555556,0.24437014833602336,0.5166666666666667,0.10752688172043012,0.12903225806451613,0.01075268817204301,399.5136979079111,88,0.9565217391304348,2022_7,ORD_SDF,UA_CODESHARE_ORD_SDF
2024,8,UA_CODESHARE,IAH,SHV,118,118,1,1,0.3863375042272574,1,0.17796610169491525,0.11864406779661016,0,384.7943775879829,87,0.7372881355932204,2024_8,IAH_SHV,UA_CODESHARE_IAH_SHV
2025,5,DL,SLC,IAH,87,177,3,0.38931979954674584,0.47744851833249624,0.4915254237288136,0.20689655172413793,0.2413793103448276,0,464.7137285528369,80,0.9195402298850576,2025_5,SLC_IAH,DL_SLC_IAH
2023,1,F9,STL,MCO,31,195,3,0.5157396449704142,0.02110128617363344,0.15897435897435896,0.3548387096774194,0.3225806451612903,0.03225806451612903,454.6365530864174,3,0.1,2023_1,STL_MCO,F9_STL_MCO
2022,11,AA_CODESHARE,PHL,DAY,26,26,1,1,0.3189920098340504,1,0.07692307692307693,0.1153846153846154,0,196.33688865354324,24,0.9230769230769232,2022_11,PHL_DAY,AA_CODESHARE_PHL_DAY
2022,2,G4,SFB,MCI,8,8,1,1,1,1,0.125,0.125,0.125,162.447647244391,2,0.2857142857142857,2022_2,SFB_MCI,G4_SFB_MCI
2025,1,G4,SFB,SBN,18,18,1,1,1,1,0.5,0.5,0,358.1968321862092,15,0.8333333333333334,2025_1,SFB_SBN,G4_SFB_SBN
2025,6,DL_CODESHARE,LAX,SMF,144,487,6,0.2335085951368012,0.05912881217563706,0.29568788501026694,0.09722222222222222,0.0763888888888889,0,386.8967123102799,143,0.9930555555555556,2025_6,LAX_SMF,DL_CODESHARE_LAX_SMF
2022,9,DL,ATL,STX,4,4,1,1,0.6603011661697551,1,0.25,0.25,0.25,169.14195221765652,3,1,2022_9,ATL_STX,DL_ATL_STX
2024,4,G4,BIL,LAS,9,9,1,1,0.06683804627249357,1,0.3333333333333333,0.2222222222222222,0,113.50110131624275,9,1,2024_4,BIL_LAS,G4_BIL_LAS
2025,4,DL,ATL,PVD,88,88,1,1,0.6668401874023946,1,0.2159090909090909,0.25,0.01136363636363636,496.22261131332505,57,0.6551724137931034,2025_4,ATL_PVD,DL_ATL_PVD
2022,1,DL_CODESHARE,MSP,RHI,62,62,1,1,0.3833145434047351,1,0.25806451612903225,0.2903225806451613,0.03225806451612903,521.9451696964841,32,0.5333333333333333,2022_1,MSP_RHI,DL_CODESHARE_MSP_RHI
2020,4,DL_CODESHARE,SLC,EKO,30,30,1,1,0.3473926380368098,1,0.03333333333333333,0.03333333333333333,0.06666666666666667,7.285104757156986,28,1,2020_4,SLC_EKO,DL_CODESHARE_SLC_EKO
2021,3,AA,MIA,CLT,239,239,1,1,0.448005698005698,1,0.1213389121338912,0.100418410041841,0,513.4937022505492,151,0.6317991631799164,2021_3,MIA_CLT,AA_MIA_CLT
2023,9,WN,TUL,MDW,52,52,1,1,0.29456869009584663,1,0.19230769230769232,0.17307692307692307,0,507.9802652162488,31,0.5961538461538461,2023_9,TUL_MDW,WN_TUL_MDW
2021,4,DL,DCA,SLC,30,30,1,1,0.07757740728138823,1,0.03333333333333333,0.03333333333333333,0,84.55783574694244,29,0.9666666666666668,2021_4,DCA_SLC,DL_DCA_SLC
2023,9,UA_CODESHARE,DEN,SLC,122,635,5,0.24191208382416762,0.18986254295532645,0.1921259842519685,0.2213114754098361,0.22950819672131148,0,222.9209713103256,73,0.5983606557377049,2023_9,DEN_SLC,UA_CODESHARE_DEN_SLC
2025,12,WN,DCA,ATL,91,544,3,0.42526086721453277,0.1183533447684391,0.16727941176470587,0.21978021978021975,0.24175824175824176,0,372.697441179548,63,0.6923076923076923,2025_12,DCA_ATL,WN_DCA_ATL
2024,3,WN,ATL,IND,82,281,2,0.5866820329023189,0.11208922245993055,0.2918149466192171,0.14634146341463414,0.17073170731707318,0,508.9643150987727,59,0.7195121951219512,2024_3,ATL_IND,WN_ATL_IND
2024,3,AA,DCA,PWM,23,111,2,0.6714552390228066,0.20494815056748591,0.2072072072072072,0.34782608695652173,0.30434782608695654,0,98.8534068579876,22,0.9565217391304348,2024_3,DCA_PWM,AA_DCA_PWM
2020,7,UA_CODESHARE,OKC,IAH,88,88,1,1,0.1536624203821656,1,0.04545454545454545,0.07954545454545454,0,412.0741491074045,88,1,2020_7,OKC_IAH,UA_CODESHARE_OKC_IAH
2025,6,UA_CODESHARE,EWR,TVC,32,32,1,1,0.20798771121351767,1,0.1875,0.1875,0,222.03006734776173,32,1,2025_6,EWR_TVC,UA_CODESHARE_EWR_TVC
2020,1,UA_CODESHARE,SFO,SBP,122,122,1,1,0.2253097471889995,1,0.2213114754098361,0.19672131147540983,0.00819672131147541,490.7226643770729,88,0.7272727272727273,2020_1,SFO_SBP,UA_CODESHARE_SFO_SBP
2022,9,AA,CLT,PWM,63,63,1,1,0.5015232511352532,1,0.1111111111111111,0.14285714285714285,0,181.51114836011217,63,1,2022_9,CLT_PWM,AA_CLT_PWM
2024,8,WN,TPA,MDW,101,124,2,0.6978407908428721,0.296340223652999,0.8145161290322581,0.24752475247524752,0.22772277227722773,0.0198019801980198,516.2039672124009,70,0.7070707070707071,2024_8,TPA_MDW,WN_TPA_MDW
2023,2,AA,BOS,ORD,134,477,6,0.20924365685253307,0.11083123425692697,0.2809224318658281,0.1865671641791045,0.29850746268656714,0.01492537313432835,440.7945297188085,77,0.5833333333333334,2023_2,BOS_ORD,AA_BOS_ORD
2023,9,UA,DEN,TPA,90,218,3,0.39146536486827715,0.3234536082474227,0.4128440366972478,0.14444444444444443,0.12222222222222222,0,362.24182833744294,88,0.9777777777777776,2023_9,DEN_TPA,UA_DEN_TPA
2023,9,UA,DSM,DEN,92,214,4,0.3519084636212769,0.16025137470542028,0.4299065420560747,0.11956521739130437,0.18478260869565216,0,500.3381436617308,58,0.6304347826086957,2023_9,DSM_DEN,UA_DSM_DEN
2021,2,F9,MKE,RSW,17,72,3,0.4077932098765432,0.05320813771517996,0.2361111111111111,0.0588235294117647,0.1176470588235294,0,161.177674158237,16,0.9411764705882352,2021_2,MKE_RSW,F9_MKE_RSW
2024,7,DL_CODESHARE,FAR,MSP,83,145,2,0.510487514863258,0.13539967373572595,0.5724137931034483,0.30120481927710846,0.3614457831325301,0,286.2410554341299,82,0.9879518072289156,2024_7,FAR_MSP,DL_CODESHARE_FAR_MSP
2021,11,WN,BNA,PHL,56,203,4,0.30898590113810087,0.47263397947548463,0.27586206896551724,0.30357142857142855,0.23214285714285715,0,452.1954869761069,35,0.625,2021_11,BNA_PHL,WN_BNA_PHL
2020,3,DL,DTW,JAX,60,82,2,0.6073765615704939,0.35233644859813085,0.7317073170731707,0.06666666666666667,0.06666666666666667,0.21666666666666667,596.2812269161404,24,0.5106382978723404,2020_3,DTW_JAX,DL_DTW_JAX
2021,4,AS,GEG,SAN,30,30,1,1,0.14026845637583893,1,0.03333333333333333,0.03333333333333333,0,19.84480012381135,30,1,2021_4,GEG_SAN,AS_GEG_SAN
2025,10,DL,ROC,ATL,88,88,1,1,0.06330935251798561,1,0.1590909090909091,0.10227272727272728,0,509.4846966168163,56,0.6363636363636364,2025_10,ROC_ATL,DL_ROC_ATL
2024,2,G4,FNT,PIE,23,23,1,1,0.548,1,0.30434782608695654,0.21739130434782608,0,362.61921577899585,23,1,2024_2,FNT_PIE,G4_FNT_PIE
2025,12,AS,LAX,EUG,31,49,3,0.5210329029571013,0.04201528923132486,0.6326530612244898,0.03225806451612903,0,0,20.510841612569532,0,0,2025_12,LAX_EUG,AS_LAX_EUG
2024,4,AS,SEA,KOA,77,107,2,0.5964713075377762,0.4247805814591333,0.719626168224299,0.2727272727272727,0.2597402597402597,0.01298701298701298,359.80649181415043,75,0.974025974025974,2024_4,SEA_KOA,AS_SEA_KOA
2025,11,WN,AUS,SAN,124,199,3,0.48263932728971487,0.42293762575452715,0.6231155778894473,0.3709677419354839,0.2903225806451613,0.01612903225806451,538.9414577346917,75,0.6147540983606558,2025_11,AUS_SAN,WN_AUS_SAN
2020,2,DL_CODESHARE,DTW,OMA,72,72,1,1,0.4231417624521073,1,0.16666666666666666,0.19444444444444445,0,508.15047045730273,43,0.5972222222222222,2020_2,DTW_OMA,DL_CODESHARE_DTW_OMA
2020,5,AS,SEA,ABQ,30,30,1,1,0.2673985857834016,1,0.03333333333333333,0.03333333333333333,0,67.0388890397071,30,1,2020_5,SEA_ABQ,AS_SEA_ABQ
2025,7,NK,SAT,LAX,33,186,4,0.27442478899294714,0.04357066950053135,0.1774193548387097,0.06060606060606061,0,0,356.86631696171355,25,0.7575757575757576,2025_7,SAT_LAX,NK_SAT_LAX
2023,3,AA_CODESHARE,DFW,GJT,93,93,1,1,0.30124807659428965,1,0.07526881720430108,0.16129032258064516,0.02150537634408602,534.7941527694425,62,0.6813186813186813,2023_3,DFW_GJT,AA_CODESHARE_DFW_GJT
2020,2,AA_CODESHARE,CHS,PHL,98,98,1,1,0.27510683760683763,1,0.11224489795918367,0.14285714285714285,0.02040816326530612,471.9766701787096,74,0.7708333333333334,2020_2,CHS_PHL,AA_CODESHARE_CHS_PHL
2025,1,AS_CODESHARE,SAN,JAC,20,20,1,1,0.14072262972018473,1,0.15,0.15,0,30.200862657599004,20,1,2025_1,SAN_JAC,AS_CODESHARE_SAN_JAC
2025,4,AA,DFW,MDT,30,30,1,1,0.5259783157812925,1,0.4666666666666667,0.4666666666666667,0.03333333333333333,87.51189926127346,2,0.06896551724137931,2025_4,DFW_MDT,AA_DFW_MDT
2020,11,AS,PHX,PDX,59,160,3,0.340859375,0.02642998027613412,0.36875,0.03389830508474576,0.11864406779661016,0,376.21970976748895,59,1,2020_11,PHX_PDX,AS_PHX_PDX
2020,3,AA_CODESHARE,DFW,GPT,84,84,1,1,0.3920289010604824,1,0.04761904761904761,0.05952380952380952,0.17857142857142858,472.1258312267069,40,0.5797101449275363,2020_3,DFW_GPT,AA_CODESHARE_DFW_GPT
2020,5,WN,TPA,CVG,1,5,2,0.68,0.5798368298368298,0.2,0,0,1,NA,0,NA,2020_5,TPA_CVG,WN_TPA_CVG
2024,1,AS_CODESHARE,SEA,GEG,130,505,4,0.3084285854328007,0.15547945205479452,0.25742574257425743,0.16153846153846155,0.14615384615384616,0.00769230769230769,498.27874342891727,97,0.751937984496124,2024_1,SEA_GEG,AS_CODESHARE_SEA_GEG
2025,7,WN,BNA,PIT,88,97,2,0.8316505473482837,0.5205185790118416,0.9072164948453608,0.3636363636363637,0.3409090909090909,0,481.5782585647499,56,0.6363636363636364,2025_7,BNA_PIT,WN_BNA_PIT
2024,3,G4,MDT,SFB,24,24,1,1,0.09660574412532635,1,0.4583333333333333,0.375,0,589.6269208551298,13,0.5416666666666666,2024_3,MDT_SFB,G4_MDT_SFB
2020,12,B6,EWR,CHS,10,58,3,0.444114149821641,0.11682484900776532,0.1724137931034483,0.4,0.4,0.1,81.5,9,1,2020_12,EWR_CHS,B6_EWR_CHS
2021,3,UA_CODESHARE,ORD,IAD,29,114,2,0.6206525084641429,0.3578651685393258,0.2543859649122807,0.06896551724137931,0.06896551724137931,0.03448275862068965,151.5831097234753,28,1,2021_3,ORD_IAD,UA_CODESHARE_ORD_IAD
2022,8,NK,PHL,DFW,31,267,3,0.6903028517723633,0.06062965847146513,0.11610486891385768,0.03225806451612903,0.0967741935483871,0,42.97974016343199,31,1,2022_8,PHL_DFW,NK_PHL_DFW
2024,8,UA_CODESHARE,SFO,SEA,2,630,6,0.3270496346686823,0.12775947281713343,0.00317460317460317,0,0,0,9.192388155425116,2,1,2024_8,SFO_SEA,UA_CODESHARE_SFO_SEA
2021,11,AA_CODESHARE,ORD,COU,57,114,2,0.5,0.23133343682086308,0.5,0.12280701754385964,0.10526315789473684,0,604.4368430556726,30,0.5263157894736842,2021_11,ORD_COU,AA_CODESHARE_ORD_COU
2020,8,AS,DEN,SEA,124,513,5,0.21506712416736012,0.00681131557264487,0.24171539961013644,0.06451612903225806,0.0564516129032258,0,404.55546571031147,123,0.9919354838709676,2020_8,DEN_SEA,AS_DEN_SEA
2024,6,B6,TPA,LGA,56,178,3,0.517927029415478,0.06579157995838002,0.3146067415730337,0.32142857142857145,0.26785714285714285,0,477.5928603525603,39,0.6964285714285714,2024_6,TPA_LGA,B6_TPA_LGA
2022,7,NK,IAH,BWI,31,92,2,0.5531663516068053,0.04821175358437057,0.33695652173913043,0.0967741935483871,0.06451612903225806,0,261.48306962196375,31,1,2022_7,IAH_BWI,NK_IAH_BWI
2023,11,UA_CODESHARE,DEN,AMA,30,60,2,0.5,0.18783800024035577,0.5,0.1,0.06666666666666667,0,88.73584717977647,29,0.9666666666666668,2023_11,DEN_AMA,UA_CODESHARE_DEN_AMA
2023,11,NK,MCO,IAH,102,358,4,0.355185543522362,0.1698429319371728,0.2849162011173184,0.3627450980392157,0.35294117647058826,0,591.7390485118273,63,0.6176470588235294,2023_11,MCO_IAH,NK_MCO_IAH
2024,7,AA,ELP,DFW,152,268,2,0.5090220539095567,0.08838821490467938,0.5671641791044776,0.3092105263157895,0.32894736842105265,0,457.5904971091673,96,0.631578947368421,2024_7,ELP_DFW,AA_ELP_DFW
2023,10,B6,HPN,CHS,28,28,1,1,0.39650413983440663,1,0.07142857142857142,0.14285714285714285,0,9.98331942124796,28,1,2023_10,HPN_CHS,B6_HPN_CHS
2022,12,AA_CODESHARE,BOS,SDF,25,25,1,1,0.05820249052517596,1,0.32,0.28,0,64.4104546379442,25,1,2022_12,BOS_SDF,AA_CODESHARE_BOS_SDF
2022,3,UA_CODESHARE,EWR,IAD,31,151,2,0.6736985219946494,0.3376447105788423,0.2052980132450331,0.25806451612903225,0.2258064516129032,0.03225806451612903,228.012996201492,29,0.9666666666666668,2022_3,EWR_IAD,UA_CODESHARE_EWR_IAD
2025,9,DL_CODESHARE,AUS,CVG,30,45,3,0.5022222222222221,0.08179343933533878,0.6666666666666666,0.13333333333333333,0.13333333333333333,0,78.21041468703028,30,1,2025_9,AUS_CVG,DL_CODESHARE_AUS_CVG
2024,3,UA_CODESHARE,DEN,TUS,62,239,3,0.36611753995903434,0.1892980437284235,0.2594142259414226,0.04838709677419355,0.0967741935483871,0.03225806451612903,410.3813614973356,60,1,2024_3,DEN_TUS,UA_CODESHARE_DEN_TUS
2023,1,UA_CODESHARE,ORD,SLC,23,233,5,0.2543240803846083,0.24860709195352657,0.09871244635193133,0.17391304347826086,0.34782608695652173,0,241.04279383233597,20,0.8695652173913043,2023_1,ORD_SLC,UA_CODESHARE_ORD_SLC
2024,8,DL,LAX,LAS,146,886,9,0.166072183807306,0.186031746031746,0.16478555304740403,0.1506849315068493,0.22602739726027396,0,527.0143853372368,93,0.636986301369863,2024_8,LAX_LAS,DL_LAX_LAS
2025,12,WN,OMA,MDW,120,120,1,1,0.32537861404313906,1,0.24166666666666667,0.225,0,448.6762553031183,102,0.85,2025_12,OMA_MDW,WN_OMA_MDW
2023,8,G4,EVV,SFB,9,9,1,1,0.05098039215686274,1,0.3333333333333333,0.4444444444444444,0,277.0383547453312,9,1,2023_8,EVV_SFB,G4_EVV_SFB
2024,9,UA,DEN,SMF,172,354,3,0.4398799834019599,0.3303373364950662,0.4858757062146893,0.12209302325581396,0.09883720930232558,0,435.67313552863453,120,0.6976744186046512,2024_9,DEN_SMF,UA_DEN_SMF
2024,4,F9,MCO,MKE,18,162,3,0.5174516079865874,0.11073494145859784,0.1111111111111111,0.1111111111111111,0.05555555555555555,0,411.7475311544256,11,0.6111111111111112,2024_4,MCO_MKE,F9_MCO_MKE
2024,10,AA_CODESHARE,CLE,PHL,113,178,3,0.5075748011614695,0.1369641412779725,0.6348314606741573,0.09734513274336284,0.1415929203539823,0,380.5240744953512,85,0.7522123893805309,2024_10,CLE_PHL,AA_CODESHARE_CLE_PHL
2021,4,DL,LAS,BOS,22,77,2,0.5918367346938775,0.0970967121707364,0.2857142857142857,0.04545454545454545,0.04545454545454545,0,59.77629653721972,22,1,2021_4,LAS_BOS,DL_LAS_BOS
2024,7,UA_CODESHARE,DEN,BFF,52,52,1,1,0.1949227139889441,1,0.15384615384615383,0.17307692307692307,0,447.2964774768494,51,0.9807692307692308,2024_7,DEN_BFF,UA_CODESHARE_DEN_BFF
2023,1,AA_CODESHARE,DFW,MLI,62,62,1,1,0.2975161246054618,1,0.0967741935483871,0.08064516129032258,0.04838709677419355,294.73654740925133,50,0.847457627118644,2023_1,DFW_MLI,AA_CODESHARE_DFW_MLI
2022,6,WN,BNA,DAL,153,153,1,1,0.4932441654155862,1,0.26143790849673204,0.22875816993464052,0.0130718954248366,555.3653974456022,90,0.5960264900662252,2022_6,BNA_DAL,WN_BNA_DAL
2025,7,AS_CODESHARE,BOI,PHX,30,184,3,0.39012287334593576,0.3178474641889276,0.16304347826086957,0.36666666666666664,0.36666666666666664,0,44.200899767198,29,0.9666666666666668,2025_7,BOI_PHX,AS_CODESHARE_BOI_PHX
2024,8,G4,SFB,CAK,9,9,1,1,1,1,0.1111111111111111,0.2222222222222222,0,450.24042959783657,5,0.5555555555555556,2024_8,SFB_CAK,G4_SFB_CAK
2020,5,AA_CODESHARE,GJT,PHX,20,20,1,1,0.4126984126984127,1,0,0,0,123.60756023548244,20,1,2020_5,GJT_PHX,AA_CODESHARE_GJT_PHX
2024,9,UA_CODESHARE,GSP,IAD,15,15,1,1,0.14880546075085324,1,0,0,0.06666666666666667,382.9090572888635,9,0.6428571428571429,2024_9,GSP_IAD,UA_CODESHARE_GSP_IAD
2021,7,AA_CODESHARE,MYR,ORD,44,137,3,0.3591560551973999,0.13585916570991197,0.32116788321167883,0.06818181818181818,0.2272727272727273,0,139.71170860811463,44,1,2021_7,MYR_ORD,AA_CODESHARE_MYR_ORD
2021,7,UA,DEN,BZN,62,312,4,0.3322444115713347,0.2236513580994174,0.1987179487179487,0.3709677419354839,0.4838709677419355,0,420.5444156087863,31,0.5,2021_7,DEN_BZN,UA_DEN_BZN
2021,2,AS,SEA,ORD,102,173,4,0.40753115707173654,0.3966088850999337,0.5895953757225434,0.0784313725490196,0.0784313725490196,0.09803921568627452,591.3773725187546,75,0.8152173913043478,2021_2,SEA_ORD,AS_SEA_ORD
2024,8,WN,RSW,ATL,31,243,2,0.7774052058459924,0.20876826722338204,0.12757201646090535,0.12903225806451613,0.1935483870967742,0.03225806451612903,493.1566688183381,22,0.7333333333333333,2024_8,RSW_ATL,WN_RSW_ATL
2021,3,DL_CODESHARE,SEA,PDX,168,649,3,0.3483301321696767,0.10433972517661672,0.2588597842835131,0.03571428571428571,0.01785714285714285,0,513.2861293236266,124,0.7380952380952381,2021_3,SEA_PDX,DL_CODESHARE_SEA_PDX
2021,5,B6,FLL,RIC,60,90,2,0.5555555555555555,0.20369919688488683,0.6666666666666666,0.16666666666666666,0.2,0,416.31548058957776,31,0.5166666666666667,2021_5,FLL_RIC,B6_FLL_RIC
2020,10,UA_CODESHARE,IAD,IND,54,54,1,1,0.5924010791366906,1,0.12962962962962962,0.14814814814814814,0,333.7038485850099,53,0.9814814814814816,2020_10,IAD_IND,UA_CODESHARE_IAD_IND
2020,3,G4,SRQ,ABE,9,9,1,1,0.20375106564364875,1,0.1111111111111111,0.2222222222222222,0.2222222222222222,218.57296918224552,7,1,2020_3,SRQ_ABE,G4_SRQ_ABE
2020,5,NK,LAS,SAN,14,129,3,0.6262243855537529,0.0317998728005088,0.10852713178294572,0,0,0,2.3346411823981548,14,1,2020_5,LAS_SAN,NK_LAS_SAN
2021,9,AA_CODESHARE,PHL,MSP,58,204,3,0.35250865051903113,0.5214103219213081,0.28431372549019607,0.05172413793103448,0.1206896551724138,0,519.8517041554924,38,0.6551724137931034,2021_9,PHL_MSP,AA_CODESHARE_PHL_MSP
2022,8,F9,PDX,DEN,25,321,4,0.3912520258926059,0.01058801285687275,0.0778816199376947,0.36,0.4,0,111.88091883784296,0,0,2022_8,PDX_DEN,F9_PDX_DEN
2024,6,WN,OAK,ABQ,30,30,1,1,0.8033843674456084,1,0.3,0.3,0,81.04008515727787,0,0,2024_6,OAK_ABQ,WN_OAK_ABQ
2023,7,UA,LAS,EWR,207,269,2,0.6452785340169428,0.07102183843313935,0.7695167286245354,0.42028985507246375,0.391304347826087,0.08695652173913043,739.615874716809,104,0.5473684210526316,2023_7,LAS_EWR,UA_LAS_EWR
2020,10,AA,DFW,MYR,30,30,1,1,0.4439643953984696,1,0.3333333333333333,0.2,0,98.62710452571562,30,1,2020_10,DFW_MYR,AA_DFW_MYR
2020,2,WN,DAL,TPA,91,91,1,1,0.9204216969903076,1,0.13186813186813187,0.10989010989010987,0.01098901098901099,527.9853429282542,51,0.5666666666666667,2020_2,DAL_TPA,WN_DAL_TPA
2021,8,UA,DCA,ORD,89,381,4,0.4010374687416042,0.02667673335850006,0.2335958005249344,0.2247191011235955,0.2696629213483146,0.02247191011235955,509.87295526632573,51,0.5795454545454546,2021_8,DCA_ORD,UA_DCA_ORD
2020,11,DL,TUL,ATL,89,89,1,1,0.09378292939936776,1,0.02247191011235955,0.0449438202247191,0,444.281059242496,59,0.6629213483146067,2020_11,TUL_ATL,DL_TUL_ATL
2025,9,UA,PHX,IAH,122,191,3,0.48323784983964263,0.0527797833935018,0.6387434554973822,0.11475409836065574,0.11475409836065574,0,415.25642355523945,90,0.7377049180327869,2025_9,PHX_IAH,UA_PHX_IAH
2023,6,NK,LAS,SNA,90,364,3,0.5172684458398743,0.1416522905884608,0.2472527472527473,0.18888888888888888,0.2,0.01111111111111111,513.4428555190486,60,0.6741573033707865,2023_6,LAS_SNA,NK_LAS_SNA
2023,12,AA_CODESHARE,GRR,CLT,1,71,2,0.9722277325927393,0.17170418006430868,0.01408450704225352,0,0,0,NA,0,0,2023_12,GRR_CLT,AA_CODESHARE_GRR_CLT
2024,3,DL,BOS,JAX,57,88,2,0.543646694214876,0.18384669233461673,0.6477272727272727,0.14035087719298245,0.12280701754385964,0,379.69850607262657,57,1,2024_3,BOS_JAX,DL_BOS_JAX
2024,8,AA,LAX,RDU,30,61,2,0.500134372480516,0.15151515151515152,0.4918032786885246,0.2,0.2,0.03333333333333333,423.8059639432787,26,0.896551724137931,2024_8,LAX_RDU,AA_LAX_RDU
2024,10,AA,DFW,LAX,429,592,4,0.5528271092037982,0.5195333404688002,0.7246621621621622,0.2027972027972028,0.1888111888111888,0,538.7689273046029,254,0.5920745920745921,2024_10,DFW_LAX,AA_DFW_LAX
2023,7,UA_CODESHARE,TYS,IAH,93,93,1,1,0.21382428940568476,1,0.10752688172043012,0.07526881720430108,0,210.07624008432356,93,1,2023_7,TYS_IAH,UA_CODESHARE_TYS_IAH
2024,8,AA_CODESHARE,CHS,PHL,2,136,3,0.7780060553633219,0.13006756756756757,0.01470588235294117,0,0,0,1.4142135623730951,2,1,2024_8,CHS_PHL,AA_CODESHARE_CHS_PHL
2023,6,DL,LGA,DTW,172,366,3,0.3620591836125295,0.14821247647995367,0.46994535519125685,0.28488372093023256,0.20348837209302328,0.05813953488372093,481.8272032981292,109,0.6646341463414634,2023_6,LGA_DTW,DL_LGA_DTW
2023,4,UA_CODESHARE,DEN,JLN,22,22,1,1,0.21401853268723964,1,0.18181818181818185,0.04545454545454545,0,84.48936253134107,22,1,2023_4,DEN_JLN,UA_CODESHARE_DEN_JLN
2023,2,DL,SLC,CVG,42,42,1,1,0.467041015625,1,0.23809523809523808,0.1904761904761905,0,308.75368966652775,39,0.9285714285714286,2023_2,SLC_CVG,DL_SLC_CVG
2023,5,WN,SDF,DEN,52,118,2,0.5070382074116633,0.1646655231560892,0.4406779661016949,0.17307692307692307,0.19230769230769232,0.01923076923076923,379.3985436212964,45,0.8823529411764706,2023_5,SDF_DEN,WN_SDF_DEN
2025,2,AA,ATL,PHX,43,254,4,0.4838799677599357,0.01841482649842271,0.16929133858267717,0.2558139534883721,0.20930232558139536,0,584.8525384183197,27,0.627906976744186,2025_2,ATL_PHX,AA_ATL_PHX
2020,9,DL,SAN,ATL,90,90,1,1,0.13613789073911772,1,0.03333333333333333,0.03333333333333333,0,623.090064989516,54,0.6,2020_9,SAN_ATL,DL_SAN_ATL
2025,5,AA_CODESHARE,MCI,PHX,32,211,3,0.5262460411940433,0.07279105459329094,0.15165876777251186,0.40625,0.28125,0,168.27854392873203,30,0.9375,2025_5,MCI_PHX,AA_CODESHARE_MCI_PHX
2025,9,UA_CODESHARE,SUN,ORD,6,6,1,1,0.43661971830985913,1,0.16666666666666666,0.3333333333333333,0,88.43453322467795,6,1,2025_9,SUN_ORD,UA_CODESHARE_SUN_ORD
2020,5,WN,LAS,TUL,2,13,2,0.7396449704142012,0.572185711257155,0.15384615384615383,0,0,0.5,NA,1,1,2020_5,LAS_TUL,WN_LAS_TUL
2022,2,DL,JAX,DTW,44,44,1,1,0.12833258020786262,1,0.13636363636363635,0.13636363636363635,0,253.8349031040188,44,1,2022_2,JAX_DTW,DL_JAX_DTW
2024,3,UA_CODESHARE,DEN,EGE,124,124,1,1,0.1892980437284235,1,0.06451612903225806,0.1532258064516129,0.04838709677419355,364.1464525988437,95,0.7983193277310925,2024_3,DEN_EGE,UA_CODESHARE_DEN_EGE
2021,10,DL_CODESHARE,MOT,MSP,146,146,1,1,0.6488888888888888,1,0.10273972602739724,0.10273972602739724,0.00684931506849315,441.0047253897536,113,0.7793103448275862,2021_10,MOT_MSP,DL_CODESHARE_MOT_MSP
2020,8,WN,BDL,BWI,96,96,1,1,0.2233463035019455,1,0.03125,0.03125,0.02083333333333333,387.81140548907007,77,0.8191489361702128,2020_8,BDL_BWI,WN_BDL_BWI
2022,2,B6,PVD,TPA,11,52,3,0.39718934911242604,0.0851581508515815,0.2115384615384615,0.3636363636363637,0.3636363636363637,0.18181818181818185,88.33097481128074,1,0.1111111111111111,2022_2,PVD_TPA,B6_PVD_TPA
2024,1,NK,BNA,EWR,21,137,3,0.704299643028398,0.03847674265384109,0.15328467153284672,0.2857142857142857,0.23809523809523808,0.09523809523809525,171.41582763826764,14,0.7368421052631579,2024_1,BNA_EWR,NK_BNA_EWR
2025,10,DL,ATL,PBI,294,303,2,0.9423585922948733,0.6979360233607645,0.9702970297029704,0.1564625850340136,0.1598639455782313,0,470.60206392468655,211,0.717687074829932,2025_10,ATL_PBI,DL_ATL_PBI
2024,12,DL,DTW,SRQ,11,11,1,1,0.42469531180499953,1,0.3636363636363637,0.2727272727272727,0,153.87645575708987,11,1,2024_12,DTW_SRQ,DL_DTW_SRQ
2020,4,AA_CODESHARE,OMA,CLT,52,73,2,0.5901670106961906,0.18591772151898733,0.7123287671232876,0.03846153846153846,0.05769230769230769,0.25,444.1255080904182,22,0.5641025641025641,2020_4,OMA_CLT,AA_CODESHARE_OMA_CLT
2022,12,AA,PHL,MCI,29,29,1,1,0.38260649087221094,1,0.10344827586206896,0.10344827586206896,0,61.13006000694914,29,1,2022_12,PHL_MCI,AA_PHL_MCI
2025,6,AA,PHL,DTW,42,260,6,0.3627514792899408,0.3844504021447721,0.16153846153846155,0.11904761904761904,0.16666666666666666,0.0238095238095238,308.6490113302195,36,0.8780487804878049,2025_6,PHL_DTW,AA_PHL_DTW
2022,3,AA_CODESHARE,RIC,PHL,91,91,1,1,0.23662966700302723,1,0.12087912087912088,0.15384615384615383,0.01098901098901099,386.1110569701504,88,0.9777777777777776,2022_3,RIC_PHL,AA_CODESHARE_RIC_PHL
2021,5,WN,MDW,OAK,57,57,1,1,0.9297337278106508,1,0.22807017543859648,0.14035087719298245,0,495.6711337237801,55,0.9649122807017544,2021_5,MDW_OAK,WN_MDW_OAK
2021,10,AA_CODESHARE,BGR,PHL,83,83,1,1,0.492156862745098,1,0.24096385542168677,0.12048192771084336,0,346.2651722271563,83,1,2021_10,BGR_PHL,AA_CODESHARE_BGR_PHL
2024,10,UA_CODESHARE,BZN,SFO,31,31,1,1,0.12579415501905972,1,0.2258064516129032,0.1935483870967742,0,191.362730498015,30,0.967741935483871,2024_10,BZN_SFO,UA_CODESHARE_BZN_SFO
2022,8,UA_CODESHARE,ORD,BUF,26,205,4,0.3348720999405116,0.24035074283963853,0.12682926829268293,0.2692307692307692,0.34615384615384615,0.03846153846153846,153.95480938682408,25,1,2022_8,ORD_BUF,UA_CODESHARE_ORD_BUF
2020,1,DL_CODESHARE,IND,MCO,2,199,5,0.41597434408222006,0.1419431279620853,0.0100502512562814,0,0,0,2.1213203435596424,2,1,2020_1,IND_MCO,DL_CODESHARE_IND_MCO
2025,8,UA,PHX,LAX,52,617,6,0.221952827636207,0.05031533716820292,0.08427876823338736,0.07692307692307693,0.09615384615384616,0,606.1051618280197,24,0.4615384615384616,2025_8,PHX_LAX,UA_PHX_LAX
2020,12,DL,SLC,OAK,11,139,3,0.5173127684902437,0.4135774391630657,0.07913669064748201,0,0,0,4.887832760120695,11,1,2020_12,SLC_OAK,DL_SLC_OAK
2020,9,AS_CODESHARE,SEA,ICT,30,30,1,1,0.2971639950678175,1,0.06666666666666667,0.06666666666666667,0,6.729929719022963,30,1,2020_9,SEA_ICT,AS_CODESHARE_SEA_ICT
2021,8,G4,PGD,RFD,11,11,1,1,1,1,0.09090909090909093,0.09090909090909093,0,278.2272779254726,10,0.9090909090909092,2021_8,PGD_RFD,G4_PGD_RFD
2025,4,DL,LAX,IND,26,56,2,0.5025510204081632,0.18344366763595868,0.4642857142857143,0,0,0,4.173911649944025,0,0,2025_4,LAX_IND,DL_LAX_IND
2020,3,AA,LAS,LAX,266,1139,9,0.1742984195892921,0.08256513026052104,0.23353819139596135,0.14285714285714285,0.12781954887218044,0.16917293233082706,496.5221179522581,161,0.7285067873303167,2020_3,LAS_LAX,AA_LAS_LAX
2024,3,DL,SLC,MEM,31,31,1,1,0.460368047702272,1,0.16129032258064516,0.1935483870967742,0,118.23302124122498,31,1,2024_3,SLC_MEM,DL_SLC_MEM
2024,7,WN,BOI,PHX,58,136,4,0.3684039792387543,0.17571371129875352,0.4264705882352941,0.1206896551724138,0.10344827586206896,0,531.6683864400308,32,0.5517241379310345,2024_7,BOI_PHX,WN_BOI_PHX
2023,5,AS_CODESHARE,PDX,OAK,62,249,2,0.6260060321607717,0.22212326327039544,0.24899598393574296,0.08064516129032258,0.08064516129032258,0,271.30236507364464,62,1,2023_5,PDX_OAK,AS_CODESHARE_PDX_OAK
2024,12,DL,BHM,ATL,257,258,2,0.9922781082867619,0.15547489413188142,0.996124031007752,0.12062256809338522,0.1245136186770428,0,463.9289802056033,180,0.7003891050583657,2024_12,BHM_ATL,DL_BHM_ATL
2022,9,DL,SLC,SAN,142,178,3,0.6659512687791944,0.4440121054907047,0.797752808988764,0.176056338028169,0.19718309859154928,0,515.1710122967888,111,0.7816901408450704,2022_9,SLC_SAN,DL_SLC_SAN
2025,11,DL,LAX,ATL,306,427,4,0.5403254556324008,0.1873591989987484,0.7166276346604216,0.16666666666666666,0.17647058823529413,0.02287581699346405,590.2509163771615,201,0.6722408026755853,2025_11,LAX_ATL,DL_LAX_ATL
2023,11,WN,DEN,TUL,86,203,3,0.3878036351282487,0.33918198934422944,0.4236453201970443,0.1744186046511628,0.1511627906976744,0,451.3918934252901,59,0.686046511627907,2023_11,DEN_TUL,WN_DEN_TUL
2020,11,AA,DCA,ORD,100,208,3,0.4292252218934911,0.2710989678202793,0.4807692307692308,0.07,0.04,0,449.5014504308009,76,0.76,2020_11,DCA_ORD,AA_DCA_ORD
2021,7,WN,SLC,MCO,9,160,3,0.603203125,0.08711890905932425,0.05625,0.4444444444444444,0.6666666666666666,0,296.914549997133,9,1,2021_7,SLC_MCO,WN_SLC_MCO
2023,12,WN,BHM,BWI,31,31,1,1,0.25874587458745874,1,0.16129032258064516,0.12903225806451613,0,203.8708003265952,31,1,2023_12,BHM_BWI,WN_BHM_BWI
2021,8,DL_CODESHARE,LFT,ATL,80,80,1,1,0.18181818181818185,1,0.075,0.075,0.05,441.2815998326661,75,0.986842105263158,2021_8,LFT_ATL,DL_CODESHARE_LFT_ATL
2022,4,AA,BOS,PHX,116,146,2,0.6734847063238881,0.15257464301168325,0.7945205479452054,0.16379310344827586,0.1896551724137931,0,373.01383133312504,92,0.7931034482758621,2022_4,BOS_PHX,AA_BOS_PHX
2020,5,WN,GEG,PHX,2,15,2,0.768888888888889,0.2547892720306513,0.13333333333333333,0,0,0.5,NA,1,1,2020_5,GEG_PHX,WN_GEG_PHX
2021,3,G4,MRY,LAS,9,9,1,1,0.03308823529411765,1,0.4444444444444444,0.4444444444444444,0,63.340350488452465,9,1,2021_3,MRY_LAS,G4_MRY_LAS
2020,4,DL,MSY,MSP,16,20,2,0.68,0.05707196029776675,0.8,0,0,0.75,271.9430087352863,3,0.75,2020_4,MSY_MSP,DL_MSY_MSP
2024,6,DL,ABQ,MSP,30,30,1,1,0.06426618049225159,1,0.03333333333333333,0,0,46.64268677815481,7,0.23333333333333336,2024_6,ABQ_MSP,DL_ABQ_MSP
2024,1,DL_CODESHARE,BGM,DTW,24,24,1,1,1,1,0.04166666666666666,0.125,0.16666666666666666,89.16330375688254,1,0.05,2024_1,BGM_DTW,DL_CODESHARE_BGM_DTW
2024,3,AS_CODESHARE,BOI,SFO,31,125,2,0.6270080000000001,0.3325581395348837,0.248,0.16129032258064516,0.3870967741935484,0,301.6119382423756,31,1,2024_3,BOI_SFO,AS_CODESHARE_BOI_SFO
2020,1,UA,PIT,ORD,26,304,4,0.33792849722991686,0.04200284765068818,0.08552631578947369,0.07692307692307693,0.03846153846153846,0,212.30245840817255,4,0.15384615384615383,2020_1,PIT_ORD,UA_PIT_ORD
2020,5,AA_CODESHARE,MDT,BOS,1,1,1,1,0.4382022471910113,1,0,0,0,NA,1,1,2020_5,MDT_BOS,AA_CODESHARE_MDT_BOS
2022,3,WN,STL,MSP,46,155,3,0.3358584807492196,0.508671621879169,0.2967741935483871,0.1956521739130435,0.15217391304347827,0.04347826086956521,601.7177665759154,26,0.5909090909090909,2022_3,STL_MSP,WN_STL_MSP
2022,11,F9,CVG,DEN,39,137,5,0.30630294634770094,0.07777426493834967,0.2846715328467153,0.4615384615384616,0.4615384615384616,0,440.53638327980633,22,0.5641025641025641,2022_11,CVG_DEN,F9_CVG_DEN
2025,11,G4,FLL,SDF,10,26,3,0.44378698224852076,0.04021553423577342,0.38461538461538464,0.2,0.2,0,510.0740251288151,5,0.5,2025_11,FLL_SDF,G4_FLL_SDF
2022,7,WN,MIA,DEN,10,153,5,0.23422615233457214,0.06336992191920335,0.06535947712418301,0.6,0.4,0,751.434894052705,4,0.4,2022_7,MIA_DEN,WN_MIA_DEN
2025,8,WN,MDW,BHM,49,49,1,1,0.9246707118543732,1,0.1836734693877551,0.1836734693877551,0.02040816326530612,584.9755950537685,32,0.6666666666666666,2025_8,MDW_BHM,WN_MDW_BHM
2023,9,NK,ATL,CLE,48,311,4,0.4316435934285213,0.03643353437026064,0.15434083601286175,0.1875,0.125,0,576.3975046210155,29,0.6041666666666666,2023_9,ATL_CLE,NK_ATL_CLE
2024,1,DL,LAS,ATL,257,412,4,0.43639834103119984,0.0864943865010297,0.6237864077669902,0.12840466926070038,0.1556420233463035,0,645.6755653156399,153,0.5953307392996109,2024_1,LAS_ATL,DL_LAS_ATL
2022,8,UA_CODESHARE,SGF,DEN,93,93,1,1,0.28894806924101196,1,0.2258064516129032,0.24731182795698925,0.04301075268817204,330.81016292086053,87,0.9775280898876404,2022_8,SGF_DEN,UA_CODESHARE_SGF_DEN
2025,12,F9,SLC,SEA,14,303,4,0.4018015662952434,0.02953198446760678,0.0462046204620462,0.5714285714285714,0.5714285714285714,0,65.47157759308594,14,1,2025_12,SLC_SEA,F9_SLC_SEA
2023,12,F9,MCO,IAH,62,385,4,0.35070332265137455,0.13075701429327688,0.16103896103896104,0.24193548387096775,0.27419354838709675,0,593.65545638779,32,0.5161290322580645,2023_12,MCO_IAH,F9_MCO_IAH
2023,11,WN,TPA,HOU,91,91,1,1,0.3074068576517738,1,0.08791208791208792,0.06593406593406594,0,649.3621965213732,31,0.34065934065934067,2023_11,TPA_HOU,WN_TPA_HOU
2022,1,AA,LGA,DCA,268,572,3,0.409170375079466,0.14387934058225185,0.46853146853146854,0.19029850746268656,0.2126865671641791,0.13059701492537312,502.03246614311377,150,0.6410256410256411,2022_1,LGA_DCA,AA_LGA_DCA
2022,1,WN,TPA,SLC,1,32,2,0.939453125,0.28608483368935,0.03125,0,0,0,NA,1,1,2022_1,TPA_SLC,WN_TPA_SLC
2024,6,UA_CODESHARE,IAH,BWI,20,135,3,0.3854595336076817,0.3927001465299054,0.14814814814814814,0.2,0.25,0,68.90533170112532,20,1,2024_6,IAH_BWI,UA_CODESHARE_IAH_BWI
2024,8,WN,DEN,ABQ,117,240,3,0.37045138888888884,0.2920904368186142,0.4875,0.3504273504273504,0.3162393162393162,0,515.5803663889052,88,0.7521367521367521,2024_8,DEN_ABQ,WN_DEN_ABQ
2023,5,NK,LAS,SNA,93,389,3,0.4710185631868677,0.15349665377294774,0.2390745501285347,0.15053763440860216,0.13978494623655913,0.01075268817204301,527.5598664465872,62,0.6739130434782609,2023_5,LAS_SNA,NK_LAS_SNA
2023,5,AA_CODESHARE,PHL,MKE,49,49,1,1,0.3414087034544639,1,0.02040816326530612,0,0,198.651927842078,49,1,2023_5,PHL_MKE,AA_CODESHARE_PHL_MKE
2025,11,AA,IAH,DFW,238,504,4,0.39172335600907027,0.0454263030721436,0.4722222222222222,0.2773109243697479,0.2605042016806723,0.03781512605042016,477.61869240793993,159,0.6943231441048034,2025_11,IAH_DFW,AA_IAH_DFW
2023,5,AA_CODESHARE,DCA,JFK,93,248,2,0.53125,0.4017519890701599,0.375,0.11827956989247312,0.21505376344086025,0,253.27787294919025,62,0.6666666666666666,2023_5,DCA_JFK,AA_CODESHARE_DCA_JFK
2025,9,DL_CODESHARE,DTW,ALB,77,107,2,0.5964713075377762,0.3426924041113061,0.719626168224299,0.09090909090909093,0.06493506493506493,0,322.97789941933917,77,1,2025_9,DTW_ALB,DL_CODESHARE_DTW_ALB
2020,4,UA_CODESHARE,BOI,SFO,43,43,1,1,0.1012909632571996,1,0.2558139534883721,0.06976744186046512,0.27906976744186046,352.9576781721077,10,0.3225806451612903,2020_4,BOI_SFO,UA_CODESHARE_BOI_SFO
2024,1,AS,SAN,HNL,31,124,3,0.375,0.09458514061844132,0.25,0.06451612903225806,0.16129032258064516,0.3548387096774194,70.74371833746461,20,1,2024_1,SAN_HNL,AS_SAN_HNL
2022,3,DL_CODESHARE,JAN,ATL,6,255,3,0.5252902729719339,0.00899550224887556,0.02352941176470588,0,0,0,269.7841729976019,6,1,2022_3,JAN_ATL,DL_CODESHARE_JAN_ATL
2022,7,AA_CODESHARE,MIA,TYS,31,31,1,1,0.17041982573271472,1,0.12903225806451613,0.16129032258064516,0,17.522765530245426,0,0,2022_7,MIA_TYS,AA_CODESHARE_MIA_TYS
2025,8,UA_CODESHARE,MRY,SFO,57,57,1,1,0.44779582366589327,1,0.05263157894736842,0.08771929824561403,0,450.9807760880751,29,0.5087719298245614,2025_8,MRY_SFO,UA_CODESHARE_MRY_SFO
2021,10,DL,BNA,SEA,31,101,3,0.46691500833251637,0.08440243079000675,0.3069306930693069,0.06451612903225806,0.06451612903225806,0,50.503252317288,1,0.03225806451612903,2021_10,BNA_SEA,DL_BNA_SEA
2025,11,UA_CODESHARE,PVD,IAD,75,75,1,1,0.09185082872928176,1,0.14666666666666667,0.22666666666666663,0.08,362.49066013778486,42,0.6086956521739131,2025_11,PVD_IAD,UA_CODESHARE_PVD_IAD
2023,11,AS_CODESHARE,SAN,SMF,93,442,2,0.6677279334984951,0.09799092676604018,0.21040723981900453,0.1827956989247312,0.16129032258064516,0,467.69618814346467,68,0.7311827956989247,2023_11,SAN_SMF,AS_CODESHARE_SAN_SMF
2023,11,AA,PHL,RDU,87,187,3,0.3923761045497441,0.3723392145702903,0.46524064171123,0.19540229885057472,0.1724137931034483,0,402.7511733294938,78,0.896551724137931,2023_11,PHL_RDU,AA_PHL_RDU
2023,9,G4,FNT,SFB,13,13,1,1,0.3409090909090909,1,0.07692307692307693,0.07692307692307693,0,34.3429162628321,13,1,2023_9,FNT_SFB,G4_FNT_SFB
2022,1,UA,IAD,PHL,3,75,2,0.9232,0.33989988696915874,0.04,0.6666666666666666,0.6666666666666666,0.3333333333333333,22.62741699796952,0,0,2022_1,IAD_PHL,UA_IAD_PHL
2021,3,WN,BWI,ABQ,3,3,1,1,0.751985132623754,1,1,0.6666666666666666,0,6.658328118479393,0,0,2021_3,BWI_ABQ,WN_BWI_ABQ
2024,8,AA,SEA,PHL,62,124,2,0.5,0.0331769252001104,0.5,0.46774193548387094,0.5,0.0967741935483871,676.9318665479208,31,0.5535714285714286,2024_8,SEA_PHL,AA_SEA_PHL
2024,4,AA,BUF,DFW,30,30,1,1,0.05994005994005994,1,0.13333333333333333,0.13333333333333333,0,45.01914024618581,3,0.1,2024_4,BUF_DFW,AA_BUF_DFW
2021,2,NK,MCO,LAS,28,59,3,0.43924159724217177,0.14892501310959622,0.4745762711864407,0.07142857142857142,0.07142857142857142,0,487.1465073021868,25,0.8928571428571429,2021_2,MCO_LAS,NK_MCO_LAS
2022,6,UA,IAH,OMA,30,60,2,0.5,0.3698030634573304,0.5,0.26666666666666666,0.3,0,65.81789576018707,0,0,2022_6,IAH_OMA,UA_IAH_OMA
2025,1,WN,SLC,DEN,215,648,5,0.22947626124066456,0.10276679841897234,0.3317901234567901,0.16279069767441862,0.20465116279069767,0,432.38585271128414,173,0.8046511627906977,2025_1,SLC_DEN,WN_SLC_DEN
2025,6,NK,EWR,BHM,26,26,1,1,0.0749615975422427,1,0.19230769230769232,0.15384615384615383,0.03846153846153846,515.2491565576147,18,0.72,2025_6,EWR_BHM,NK_EWR_BHM
2023,1,UA_CODESHARE,ROC,IAD,85,85,1,1,0.15982076176250934,1,0.17647058823529413,0.15294117647058825,0.01176470588235294,401.9713013849618,54,0.6428571428571429,2023_1,ROC_IAD,UA_CODESHARE_ROC_IAD
2024,11,F9,IAD,ATL,16,295,5,0.45571962079862094,0.00412484531830056,0.05423728813559322,0.25,0.25,0,441.2790311507373,14,0.875,2024_11,IAD_ATL,F9_IAD_ATL
2024,1,G4,LCK,MYR,2,2,1,1,1,1,0,0,0,324.5620125646253,2,1,2024_1,LCK_MYR,G4_LCK_MYR
2023,5,AA,DSM,PHX,61,61,1,1,0.18887147335423196,1,0.14754098360655735,0.14754098360655735,0,532.4469444309731,57,0.9344262295081968,2023_5,DSM_PHX,AA_DSM_PHX
2020,11,NK,ORD,RSW,33,148,3,0.4109751643535428,0.03160752375412061,0.22297297297297297,0.0303030303030303,0.06060606060606061,0,184.79274836552665,33,1,2020_11,ORD_RSW,NK_ORD_RSW
2024,11,DL_CODESHARE,MSP,ICT,29,29,1,1,0.2674056787242318,1,0.13793103448275862,0.13793103448275862,0,20.044716021787103,28,0.9655172413793104,2024_11,MSP_ICT,DL_CODESHARE_MSP_ICT
2023,12,AS,SFO,OGG,27,102,3,0.3865820838139178,0.07962009586366058,0.2647058823529412,0.14814814814814814,0.2222222222222222,0,57.430696498343984,27,1,2023_12,SFO_OGG,AS_SFO_OGG
2020,8,G4,PIA,SFB,9,9,1,1,0.2317880794701987,1,0,0,0.1111111111111111,347.3738208739562,7,0.875,2020_8,PIA_SFB,G4_PIA_SFB
2025,6,AS,ANC,OTZ,30,60,2,0.5,0.5741337630942788,0.5,0.13333333333333333,0.06666666666666667,0,30.259718681981223,30,1,2025_6,ANC_OTZ,AS_ANC_OTZ
2024,2,UA,EWR,DFW,129,274,4,0.394506899674996,0.5038015930485156,0.4708029197080292,0.17054263565891473,0.12403100775193798,0.02325581395348837,450.232846143006,97,0.7698412698412699,2024_2,EWR_DFW,UA_EWR_DFW
2022,11,DL_CODESHARE,BOS,CLE,78,162,2,0.5006858710562414,0.1412904871206325,0.48148148148148145,0.1153846153846154,0.10256410256410256,0,497.50749454275274,56,0.717948717948718,2022_11,BOS_CLE,DL_CODESHARE_BOS_CLE
2024,10,G4,AVL,BWI,12,12,1,1,0.24751655629139072,1,0.08333333333333333,0.08333333333333333,0,285.92163579935993,12,1,2024_10,AVL_BWI,G4_AVL_BWI
2020,11,F9,DEN,ABQ,2,164,3,0.4886972040452112,0.0956159822419534,0.01219512195121951,0,0,0,13.435028842544405,2,1,2020_11,DEN_ABQ,F9_DEN_ABQ
2020,1,F9,LAS,PDX,18,277,6,0.30970037404371226,0.08032515844585285,0.06498194945848375,0.2222222222222222,0.3888888888888889,0.05555555555555555,317.065357894032,17,1,2020_1,LAS_PDX,F9_LAS_PDX
2021,6,WN,HOU,BWI,87,87,1,1,0.8857404021937842,1,0.4482758620689655,0.3793103448275862,0.04597701149425287,620.4455024499994,24,0.2891566265060241,2021_6,HOU_BWI,WN_HOU_BWI
2022,12,AA_CODESHARE,BOI,PHX,14,152,4,0.30410318559556787,0.00671462829736211,0.09210526315789472,0.5,0.6428571428571429,0,53.101033701989074,14,1,2022_12,BOI_PHX,AA_CODESHARE_BOI_PHX
2023,7,AA_CODESHARE,RIC,CLT,5,210,2,0.953514739229025,0.1308500477554919,0.0238095238095238,0.2,0.2,0,67.96469671822277,5,1,2023_7,RIC_CLT,AA_CODESHARE_RIC_CLT
2020,6,AA_CODESHARE,EYW,CLT,37,37,1,1,0.6165413533834586,1,0.05405405405405406,0.05405405405405406,0,115.04078138373966,37,1,2020_6,EYW_CLT,AA_CODESHARE_EYW_CLT
2020,4,F9,SEA,LAS,7,256,6,0.21160888671875,0.00313774709758393,0.02734375,0,0,0.5714285714285714,7.505553499465135,3,1,2020_4,SEA_LAS,F9_SEA_LAS
2021,12,AA_CODESHARE,TRI,CLT,144,144,1,1,0.5619834710743802,1,0.125,0.11805555555555557,0.00694444444444444,488.56225158397785,87,0.6083916083916084,2021_12,TRI_CLT,AA_CODESHARE_TRI_CLT
2024,11,DL_CODESHARE,BWI,DTW,8,179,4,0.37180487500390125,0.01023279611153747,0.0446927374301676,0,0,0,130.7076891387802,8,1,2024_11,BWI_DTW,DL_CODESHARE_BWI_DTW
2022,5,DL_CODESHARE,DTW,MSN,83,110,2,0.6295867768595041,0.3283236994219653,0.7545454545454545,0.12048192771084336,0.10843373493975904,0,357.6103558591253,79,0.9518072289156626,2022_5,DTW_MSN,DL_CODESHARE_DTW_MSN
2023,10,AS,KOA,SJC,31,62,2,0.5,0.12774725274725274,0.5,0.12903225806451613,0.12903225806451613,0,27.65948864003015,31,1,2023_10,KOA_SJC,AS_KOA_SJC
2025,5,NK,LAS,MIA,27,161,3,0.625168782068593,0.10578512396694216,0.16770186335403728,0.18518518518518515,0.1111111111111111,0.03703703703703703,39.138649007775506,0,0,2025_5,LAS_MIA,NK_LAS_MIA
2023,12,G4,PVU,MDW,9,9,1,1,1,1,0,0,0,321.2551339840519,9,1,2023_12,PVU_MDW,G4_PVU_MDW
2023,6,UA,IAH,RIC,30,30,1,1,0.4397403969511735,1,0.6,0.6,0,82.42109427573257,17,0.5666666666666667,2023_6,IAH_RIC,UA_IAH_RIC
2023,2,NK,LAS,MCO,35,100,3,0.4537999999999999,0.16006799348395778,0.35,0.34285714285714286,0.2571428571428571,0.02857142857142857,775.5743711400864,7,0.2058823529411765,2023_2,LAS_MCO,NK_LAS_MCO
2025,2,AS,GEG,SEA,106,506,4,0.3173147526129138,0.10121457489878542,0.20948616600790515,0.20754716981132076,0.29245283018867924,0.01886792452830188,484.2809252521792,75,0.7211538461538461,2025_2,GEG_SEA,AS_GEG_SEA
2022,12,DL_CODESHARE,SLC,BIL,53,84,2,0.534297052154195,0.24583998176430363,0.6309523809523809,0.18867924528301888,0.20754716981132076,0,347.39642346501563,53,1,2022_12,SLC_BIL,DL_CODESHARE_SLC_BIL
2025,7,DL_CODESHARE,MSP,MQT,31,31,1,1,0.26938502673796794,1,0.06451612903225806,0.06451612903225806,0,60.86759824511751,31,1,2025_7,MSP_MQT,DL_CODESHARE_MSP_MQT
2024,7,WN,ECP,AUS,31,35,2,0.7975510204081633,0.398576512455516,0.8857142857142857,0.2258064516129032,0.3548387096774194,0,203.75135067828583,31,1,2024_7,ECP_AUS,WN_ECP_AUS
2025,5,UA,DEN,PSC,31,62,2,0.5,0.3319327731092437,0.5,0.6774193548387096,0.3870967741935484,0,352.10764788474097,0,0,2025_5,DEN_PSC,UA_DEN_PSC
2022,7,AA,PHL,BGR,26,87,2,0.5809221825868676,0.3351252553488872,0.2988505747126437,0.2307692307692308,0.2307692307692308,0,106.20317248629556,26,1,2022_7,PHL_BGR,AA_PHL_BGR
2024,2,F9,MCO,ORF,10,68,3,0.3853806228373703,0.13662812108713265,0.14705882352941177,0.2,0.2,0,649.4453103311403,5,0.5,2024_2,MCO_ORF,F9_MCO_ORF
2025,12,DL,ATL,BOI,42,42,1,1,0.668134438749183,1,0.23809523809523808,0.2619047619047619,0.0238095238095238,443.1804097766011,30,0.7317073170731707,2025_12,ATL_BOI,DL_ATL_BOI
2023,11,DL_CODESHARE,MSP,CVG,100,128,2,0.658203125,0.251418152350081,0.78125,0.12,0.18,0,330.0377283299776,98,0.98,2023_11,MSP_CVG,DL_CODESHARE_MSP_CVG
2020,1,DL_CODESHARE,LGA,CLT,194,487,3,0.510914158258457,0.3016400549093274,0.3983572895277208,0.18556701030927836,0.15463917525773196,0,427.92282262555034,154,0.7938144329896907,2020_1,LGA_CLT,DL_CODESHARE_LGA_CLT
2022,11,F9,MDT,DEN,1,1,1,1,0.01815431164901664,1,0,0,0,NA,1,1,2022_11,MDT_DEN,F9_MDT_DEN
2022,1,UA_CODESHARE,ECP,IAH,62,62,1,1,0.1220472440944882,1,0.08064516129032258,0.0967741935483871,0.03225806451612903,207.4407103369171,60,1,2022_1,ECP_IAH,UA_CODESHARE_ECP_IAH
2020,5,WN,TPA,PVD,3,3,1,1,0.5798368298368298,1,0,0,0.3333333333333333,369.10973977937783,1,0.5,2020_5,TPA_PVD,WN_TPA_PVD
2022,9,DL_CODESHARE,GTF,SLC,79,79,1,1,0.3872549019607843,1,0.0379746835443038,0.05063291139240506,0,478.2453913348343,49,0.620253164556962,2022_9,GTF_SLC,DL_CODESHARE_GTF_SLC
2023,4,DL,MSP,AUS,87,114,2,0.6385041551246539,0.5381836427496237,0.7631578947368421,0.08045977011494253,0.25287356321839083,0.01149425287356321,522.0192982475054,61,0.7093023255813954,2023_4,MSP_AUS,DL_MSP_AUS
2021,4,AA,PHX,DEN,89,576,4,0.3043800636574074,0.2500580270793037,0.1545138888888889,0.05617977528089887,0.0449438202247191,0,410.6715410858345,59,0.6629213483146067,2021_4,PHX_DEN,AA_PHX_DEN
2021,1,WN,PHX,SLC,87,339,5,0.2992229444574969,0.3135828467502632,0.25663716814159293,0.09195402298850576,0.1264367816091954,0,432.2980742110546,60,0.6896551724137931,2021_1,PHX_SLC,WN_PHX_SLC
2024,4,AA_CODESHARE,STL,BOS,47,123,2,0.5277943023332672,0.04707763368271452,0.3821138211382114,0.14893617021276595,0.14893617021276595,0,175.84169726685226,47,1,2024_4,STL_BOS,AA_CODESHARE_STL_BOS
2024,3,AS,GEG,LAX,27,58,2,0.5023781212841854,0.11229946524064172,0.46551724137931033,0.03703703703703703,0.07407407407407407,0,19.26343095296817,3,0.1111111111111111,2024_3,GEG_LAX,AS_GEG_LAX
2021,9,UA_CODESHARE,BHM,DEN,60,90,2,0.5555555555555555,0.17846153846153845,0.6666666666666666,0.21666666666666667,0.18333333333333332,0,428.8226619754709,60,1,2021_9,BHM_DEN,UA_CODESHARE_BHM_DEN
2024,2,G4,PGD,BLV,9,9,1,1,1,1,0.3333333333333333,0.3333333333333333,0,417.4555199193216,9,1,2024_2,PGD_BLV,G4_PGD_BLV
2024,6,F9,PWM,PHL,16,132,3,0.40645087235996313,0.05003790750568612,0.12121212121212122,0.25,0.4375,0.0625,247.84522820271755,15,1,2024_6,PWM_PHL,F9_PWM_PHL
2024,4,B6,ROC,JFK,30,112,2,0.6077806122448979,0.02495840266222961,0.26785714285714285,0.13333333333333333,0.16666666666666666,0.03333333333333333,119.34575345187224,3,0.10344827586206896,2024_4,ROC_JFK,B6_ROC_JFK
2024,7,DL_CODESHARE,AUS,CVG,54,63,2,0.7551020408163265,0.05030643513789581,0.8571428571428571,0.4444444444444444,0.3703703703703703,0.01851851851851851,338.84044136210684,52,0.981132075471698,2024_7,AUS_CVG,DL_CODESHARE_AUS_CVG
2022,1,NK,IAH,ORD,31,361,4,0.518251087698836,0.04765007738046754,0.08587257617728532,0.25806451612903225,0.1935483870967742,0.03225806451612903,92.54847130142066,24,0.8,2022_1,IAH_ORD,NK_IAH_ORD
2024,10,DL_CODESHARE,SLC,SGU,141,141,1,1,0.2170878714179973,1,0.09929078014184398,0.10638297872340426,0,482.979435752368,106,0.75177304964539,2024_10,SLC_SGU,DL_CODESHARE_SLC_SGU
2020,3,AS_CODESHARE,STS,SNA,43,43,1,1,0.6812339331619537,1,0.04651162790697674,0.02325581395348837,0.02325581395348837,415.2184968376818,42,1,2020_3,STS_SNA,AS_CODESHARE_STS_SNA
2023,10,G4,SFB,PVU,8,8,1,1,1,1,0.375,0.375,0,77.77761337851106,8,1,2023_10,SFB_PVU,G4_SFB_PVU
2023,9,AA,SBA,DFW,60,60,1,1,0.17530487804878048,1,0.26666666666666666,0.21666666666666667,0,385.8958097578938,29,0.48333333333333334,2023_9,SBA_DFW,AA_SBA_DFW
2021,8,WN,BWI,GSP,31,31,1,1,0.7344184752365053,1,0.16129032258064516,0.12903225806451613,0,60.86618497259607,31,1,2021_8,BWI_GSP,WN_BWI_GSP
2022,12,AA_CODESHARE,DCA,BNA,144,297,3,0.4087224659615232,0.37583270090226834,0.48484848484848486,0.1527777777777778,0.1875,0.03472222222222222,366.3778998078704,135,0.9642857142857144,2022_12,DCA_BNA,AA_CODESHARE_DCA_BNA
2024,7,AS,SJC,SEA,186,431,4,0.3380957251522117,0.06120242214532872,0.43155452436194897,0.15053763440860216,0.1774193548387097,0.01612903225806451,544.5001080638082,109,0.5956284153005464,2024_7,SJC_SEA,AS_SJC_SEA
2023,5,UA,EWR,FLL,283,473,3,0.4386869829123627,0.47743715969269784,0.5983086680761099,0.2508833922261484,0.23674911660777384,0,459.71564665428053,223,0.7879858657243817,2023_5,EWR_FLL,UA_EWR_FLL
2022,6,AA_CODESHARE,CMH,MIA,51,51,1,1,0.21148668860305112,1,0.2352941176470588,0.2549019607843137,0,647.4213726202514,7,0.13725490196078433,2022_6,CMH_MIA,AA_CODESHARE_CMH_MIA
2023,3,DL,LGA,SAV,3,122,3,0.47715667831228165,0.14615943464764547,0.02459016393442623,0.3333333333333333,0.3333333333333333,0,49.652123150307816,3,1,2023_3,LGA_SAV,DL_LGA_SAV
2024,5,AA,MCO,ORD,121,434,5,0.25721506084223494,0.1110067211100672,0.27880184331797236,0.2644628099173554,0.34710743801652894,0.01652892561983471,413.5642890350619,103,0.865546218487395,2024_5,MCO_ORD,AA_MCO_ORD
2025,4,AA,DCA,PBI,90,181,3,0.4838985378956686,0.20308213651766985,0.4972375690607735,0.2,0.15555555555555556,0,302.67813751795126,90,1,2025_4,DCA_PBI,AA_DCA_PBI
2024,3,WN,BNA,ORD,68,376,4,0.2897662969669534,0.5058950914340712,0.18085106382978725,0.17647058823529413,0.2058823529411765,0,271.0627104127291,64,0.9411764705882352,2024_3,BNA_ORD,WN_BNA_ORD
2023,4,UA,SFO,ONT,30,101,3,0.43456523870208796,0.34080028904344684,0.297029702970297,0.3,0.3333333333333333,0,34.982360086783444,0,0,2023_4,SFO_ONT,UA_SFO_ONT
2020,6,UA,DEN,PDX,53,173,4,0.43245681446089074,0.1190947666195191,0.3063583815028902,0.07547169811320754,0.11320754716981132,0,361.0622230065592,50,0.9433962264150944,2020_6,DEN_PDX,UA_DEN_PDX
2024,7,NK,STL,LAS,13,188,3,0.6251131733816206,0.00734824281150159,0.06914893617021277,0.3076923076923077,0.3076923076923077,0.07692307692307693,149.77040509534666,12,1,2024_7,STL_LAS,NK_STL_LAS
2025,12,AA,ILM,CLT,114,259,2,0.5071629820664569,0.2443384982121573,0.44015444015444016,0.11403508771929824,0.11403508771929824,0.0087719298245614,501.1437518822008,60,0.5309734513274337,2025_12,ILM_CLT,AA_ILM_CLT
2025,2,AA_CODESHARE,BOS,SYR,24,52,2,0.5029585798816569,0.0856757797458606,0.4615384615384616,0.25,0.2916666666666667,0,141.08739197360282,24,1,2025_2,BOS_SYR,AA_CODESHARE_BOS_SYR
2020,4,AA,PHX,GRR,6,7,2,0.7551020408163265,0.277611301369863,0.8571428571428571,0,0,0.3333333333333333,5.909032633745278,4,1,2020_4,PHX_GRR,AA_PHX_GRR
2023,12,UA,GUM,SPN,31,31,1,1,1,1,0,0,0,16.18521826613965,31,1,2023_12,GUM_SPN,UA_GUM_SPN
2023,2,AA_CODESHARE,LGA,ROA,28,52,2,0.5029585798816569,0.1278535428402016,0.5384615384615384,0.14285714285714285,0.10714285714285714,0,35.96652985542627,28,1,2023_2,LGA_ROA,AA_CODESHARE_LGA_ROA
2024,3,UA,SFO,PIT,57,57,1,1,0.371431144735657,1,0.19298245614035087,0.17543859649122806,0,677.0125835023684,31,0.543859649122807,2024_3,SFO_PIT,UA_SFO_PIT
2023,11,AA,RIC,MIA,35,35,1,1,0.16442605997931747,1,0,0.02857142857142857,0,379.19664085665994,4,0.11428571428571428,2023_11,RIC_MIA,AA_RIC_MIA
2021,9,F9,JAC,DEN,2,129,3,0.6197343909620816,0.00344234079173838,0.01550387596899224,0.5,0,0,66.46803743153546,2,1,2021_9,JAC_DEN,F9_JAC_DEN
2024,10,WN,BWI,COS,31,31,1,1,0.7417784637302623,1,0.25806451612903225,0.0967741935483871,0,72.61255260420835,31,1,2024_10,BWI_COS,WN_BWI_COS
2023,7,DL,MDW,MSP,9,321,3,0.6004891256878329,0.01548728280030219,0.02803738317757009,0,0,0,532.5382093751061,2,0.2222222222222222,2023_7,MDW_MSP,DL_MDW_MSP
2025,12,F9,EWR,SJU,18,199,4,0.39314663771116887,0.0079630105317236,0.09045226130653268,0.3333333333333333,0.4444444444444444,0.1111111111111111,57.51246667922888,17,1,2025_12,EWR_SJU,F9_EWR_SJU
2023,10,NK,RNO,LAS,90,404,3,0.6200740123517304,0.05076142131979695,0.2227722772277228,0.14444444444444443,0.13333333333333333,0,436.6460825122371,59,0.6555555555555556,2023_10,RNO_LAS,NK_RNO_LAS
2025,3,WN,DCA,BNA,119,388,3,0.3631230736528855,0.10724660438093744,0.30670103092783507,0.2184873949579832,0.20168067226890757,0.01680672268907563,530.2829930854595,62,0.5299145299145299,2025_3,DCA_BNA,WN_DCA_BNA
2022,2,G4,FAR,PIE,8,8,1,1,0.15113871635610765,1,0.25,0.125,0,399.55895327580527,7,0.875,2022_2,FAR_PIE,G4_FAR_PIE
2021,2,WN,SAN,PHX,99,178,3,0.4744981694230526,0.2725552050473186,0.5561797752808989,0.0505050505050505,0.0505050505050505,0.0101010101010101,357.28568292859444,96,0.979591836734694,2021_2,SAN_PHX,WN_SAN_PHX
2024,8,AA,LGA,MIA,266,454,4,0.45784897824525994,0.09227619316577236,0.5859030837004405,0.22180451127819548,0.2556390977443609,0.08646616541353383,513.4199493428614,162,0.6666666666666666,2024_8,LGA_MIA,AA_LGA_MIA
2022,5,DL_CODESHARE,SMF,SEA,92,415,5,0.26367252141094494,0.06421433127790772,0.2216867469879518,0.10869565217391304,0.08695652173913043,0,427.25852980369416,92,1,2022_5,SMF_SEA,DL_CODESHARE_SMF_SEA
2023,6,DL,FLL,CVG,30,60,2,0.5,0.1378809869375907,0.5,0.13333333333333333,0.2,0,181.34435395854948,29,0.9666666666666668,2023_6,FLL_CVG,DL_FLL_CVG
2024,6,WN,AUS,ATL,123,379,2,0.5615736454076483,0.4296762354174859,0.3245382585751979,0.3008130081300813,0.2195121951219512,0.008130081300813,491.39332833246453,81,0.6639344262295082,2024_6,AUS_ATL,WN_AUS_ATL
2025,12,WN,JAX,MDW,31,31,1,1,0.15922401171303074,1,0.3225806451612903,0.3225806451612903,0,353.8305347363734,18,0.5806451612903226,2025_12,JAX_MDW,WN_JAX_MDW
2024,7,AA,ORD,CHS,4,111,4,0.34112490869247625,0.17607760918233184,0.03603603603603603,0.25,0.25,0,48.2381246180515,4,1,2024_7,ORD_CHS,AA_ORD_CHS
2023,3,AA_CODESHARE,ORD,TVC,84,171,3,0.39413836736089736,0.17871896683110736,0.49122807017543857,0.13095238095238096,0.1904761904761905,0.0119047619047619,461.6935879399586,61,0.7349397590361446,2023_3,ORD_TVC,AA_CODESHARE_ORD_TVC
2023,10,WN,SDF,DAL,9,9,1,1,0.21412996075010904,1,0.1111111111111111,0.1111111111111111,0,126.9113864079973,8,0.8888888888888888,2023_10,SDF_DAL,WN_SDF_DAL
2025,10,UA,ORD,EWR,378,502,3,0.5974984524055174,0.2755194218608853,0.7529880478087649,0.3677248677248678,0.3703703703703703,0.00264550264550264,489.8550024688542,272,0.7214854111405835,2025_10,ORD_EWR,UA_ORD_EWR
2025,9,AS_CODESHARE,PSC,LAX,30,30,1,1,0.25,1,0.06666666666666667,0.03333333333333333,0,32.23157943141599,4,0.13333333333333333,2025_9,PSC_LAX,AS_CODESHARE_PSC_LAX
2024,10,UA,BNA,DEN,112,355,3,0.41954374132116645,0.06771758436944939,0.3154929577464789,0.13392857142857142,0.08035714285714286,0,434.64737553025793,92,0.8214285714285714,2024_10,BNA_DEN,UA_BNA_DEN
2024,8,WN,HOU,SMF,27,27,1,1,0.9100382815823054,1,0.3333333333333333,0.2222222222222222,0,456.0996323654237,12,0.4444444444444444,2024_8,HOU_SMF,WN_HOU_SMF
2024,7,WN,MIA,DAL,39,39,1,1,0.05702507729302645,1,0.2564102564102564,0.28205128205128205,0,400.7878947425929,33,0.8461538461538461,2024_7,MIA_DAL,WN_MIA_DAL
2025,6,UA_CODESHARE,HSV,IAH,137,137,1,1,0.2839607201309329,1,0.3284671532846715,0.39416058394160586,0.0291970802919708,414.3402544217344,105,0.7894736842105263,2025_6,HSV_IAH,UA_CODESHARE_HSV_IAH
2023,7,G4,MEM,PIE,9,9,1,1,0.03744798890429958,1,0,0.1111111111111111,0,20.414455662593607,9,1,2023_7,MEM_PIE,G4_MEM_PIE
2024,4,AA,ORD,SEA,53,399,4,0.2845899209175821,0.15930408472012103,0.13283208020050125,0.20754716981132076,0.11320754716981132,0,431.27247927361407,48,0.9056603773584906,2024_4,ORD_SEA,AA_ORD_SEA
2022,6,DL,JAX,ATL,290,346,2,0.7286912359250224,0.19306122448979593,0.838150289017341,0.1896551724137931,0.15517241379310345,0.01379310344827586,481.14326257782494,215,0.7517482517482518,2022_6,JAX_ATL,DL_JAX_ATL
2023,7,DL,FLL,RDU,31,124,4,0.25,0.13703236654056325,0.25,0.2258064516129032,0.25806451612903225,0,58.88936227577365,31,1,2023_7,FLL_RDU,DL_FLL_RDU
2020,9,AA_CODESHARE,ORD,IND,77,195,3,0.4812360289283366,0.2325831936796744,0.39487179487179486,0.05194805194805195,0.07792207792207792,0,353.51323112385893,55,0.7142857142857143,2020_9,ORD_IND,AA_CODESHARE_ORD_IND
2024,4,DL,BNA,SEA,30,116,2,0.6165279429250893,0.08323310079384172,0.25862068965517243,0.03333333333333333,0.06666666666666667,0,36.19438262124847,22,0.7333333333333333,2024_4,BNA_SEA,DL_BNA_SEA
2023,11,AA,MIA,ATL,141,551,6,0.2985991482241495,0.5126960839634352,0.2558983666061706,0.1347517730496454,0.20567375886524825,0,458.61765148464673,102,0.723404255319149,2023_11,MIA_ATL,AA_MIA_ATL
2024,11,UA,SLC,IAH,30,174,3,0.3833399392257894,0.0257714479484571,0.1724137931034483,0.13333333333333333,0.13333333333333333,0.03333333333333333,121.62505507907696,12,0.4,2024_11,SLC_IAH,UA_SLC_IAH
2020,9,B6,RDU,JFK,16,98,3,0.7099125364431489,0.03916827852998066,0.16326530612244897,0,0,0,19.530211639064916,16,1,2020_9,RDU_JFK,B6_RDU_JFK
2024,11,DL,ATL,MDW,133,330,3,0.3650872359963269,0.6618538324420677,0.403030303030303,0.15037593984962405,0.13533834586466165,0,445.0481228187756,102,0.7669172932330827,2024_11,ATL_MDW,DL_ATL_MDW
2022,11,F9,BNA,LAS,30,150,3,0.44,0.01285278918775672,0.2,0.36666666666666664,0.3333333333333333,0.03333333333333333,66.73801805708042,28,0.9655172413793104,2022_11,BNA_LAS,F9_BNA_LAS
2024,10,AA_CODESHARE,DCA,PVD,171,238,3,0.5845279288185862,0.4118124290118449,0.7184873949579832,0.1111111111111111,0.13450292397660818,0,491.36373631173586,114,0.6666666666666666,2024_10,DCA_PVD,AA_CODESHARE_DCA_PVD
2022,5,DL,STL,SLC,88,88,1,1,0.06855136733185514,1,0.1590909090909091,0.11363636363636365,0.02272727272727272,516.2260542867698,53,0.6162790697674418,2022_5,STL_SLC,DL_STL_SLC
2024,11,B6,MIA,BOS,59,313,5,0.38237605773254807,0.01616139099420419,0.18849840255591055,0.2033898305084746,0.1864406779661017,0,493.1296569486004,49,0.8305084745762712,2024_11,MIA_BOS,B6_MIA_BOS
2022,9,AA_CODESHARE,GSP,PHL,58,58,1,1,0.3752260397830018,1,0.06896551724137931,0.03448275862068965,0,511.12953218248555,58,1,2022_9,GSP_PHL,AA_CODESHARE_GSP_PHL
2020,2,UA_CODESHARE,SUN,SFO,29,29,1,1,0.4299065420560747,1,0.20689655172413793,0.13793103448275862,0.13793103448275862,62.033136306332274,25,1,2020_2,SUN_SFO,UA_CODESHARE_SUN_SFO
2024,7,UA_CODESHARE,EWR,DFW,9,318,4,0.398144851865037,0.26215731070496084,0.02830188679245283,0,0.2222222222222222,0,383.62745962427897,9,1,2024_7,EWR_DFW,UA_CODESHARE_EWR_DFW
2020,12,G4,PGD,MCI,11,11,1,1,1,1,0.18181818181818185,0.18181818181818185,0,381.5962168670868,10,0.9090909090909092,2020_12,PGD_MCI,G4_PGD_MCI
2024,11,AA_CODESHARE,ORD,CLE,92,297,4,0.36337561926787515,0.22023300970873785,0.30976430976430974,0.11956521739130437,0.15217391304347827,0.0108695652173913,361.85786239394133,87,0.956043956043956,2024_11,ORD_CLE,AA_CODESHARE_ORD_CLE
2021,11,WN,BWI,SAN,51,51,1,1,0.7003811199061859,1,0.43137254901960786,0.29411764705882354,0,503.643272448221,26,0.5098039215686274,2021_11,BWI_SAN,WN_BWI_SAN
2021,10,AA,ANC,DFW,21,21,1,1,0.01641414141414141,1,0.5714285714285714,0.380952380952381,0,71.48389762070629,0,0,2021_10,ANC_DFW,AA_ANC_DFW
2025,7,AA,PHX,HNL,62,124,3,0.375,0.3035091059077353,0.5,0.1129032258064516,0.1774193548387097,0,144.7800680760649,62,1,2025_7,PHX_HNL,AA_PHX_HNL
2024,2,F9,MCO,GRB,16,16,1,1,0.13662812108713265,1,0.125,0,0,523.4796239269173,11,0.6875,2024_2,MCO_GRB,F9_MCO_GRB
2023,6,AA,PHX,OGG,30,60,2,0.5,0.3154387263976305,0.5,0.26666666666666666,0.23333333333333336,0,111.4702217851368,30,1,2023_6,PHX_OGG,AA_PHX_OGG
2025,11,F9,SFO,ONT,21,105,2,0.68,0.02481692432872254,0.2,0.7142857142857143,0.5714285714285714,0,892.078746790994,0,0,2025_11,SFO_ONT,F9_SFO_ONT
2023,8,WN,DAL,SAT,258,258,1,1,0.9467554076539102,1,0.21705426356589147,0.16279069767441862,0.00387596899224806,531.6650288023565,177,0.688715953307393,2023_8,DAL_SAT,WN_DAL_SAT
2024,4,G4,SFB,RIC,8,8,1,1,1,1,0.5,0.5,0,631.2965682964364,6,0.75,2024_4,SFB_RIC,G4_SFB_RIC
2024,11,WN,MDW,ABQ,34,34,1,1,0.8878156244704287,1,0.08823529411764706,0.2352941176470588,0,335.9459785959036,32,0.9411764705882352,2024_11,MDW_ABQ,WN_MDW_ABQ
2025,5,UA_CODESHARE,SLC,ORD,1,271,5,0.28042918805571815,0.03395278754394777,0.003690036900369,0,0,0,NA,1,1,2025_5,SLC_ORD,UA_CODESHARE_SLC_ORD
2021,9,DL,FLL,BOS,30,262,4,0.3167356214672805,0.11468160377358493,0.11450381679389313,0.1,0.1,0.03333333333333333,91.51933405432496,30,1,2021_9,FLL_BOS,DL_FLL_BOS
2021,7,WN,SEA,LAS,124,522,5,0.26697347367184865,0.058855389059397,0.23754789272030652,0.25,0.20967741935483872,0.00806451612903225,528.7825806444108,73,0.5934959349593496,2021_7,SEA_LAS,WN_SEA_LAS
2023,6,DL,DEN,SEA,90,628,5,0.24483751876343868,0.04166336633663366,0.14331210191082802,0.28888888888888886,0.23333333333333336,0.01111111111111111,530.667378350462,45,0.5056179775280899,2023_6,DEN_SEA,DL_DEN_SEA
2025,5,UA_CODESHARE,IAH,SAT,56,248,2,0.6503642039542143,0.383851438677641,0.2258064516129032,0.21428571428571427,0.2857142857142857,0.03571428571428571,443.148288173351,35,0.6481481481481481,2025_5,IAH_SAT,UA_CODESHARE_IAH_SAT
2025,3,G4,SAV,GRR,11,11,1,1,0.05750636132315522,1,0.3636363636363637,0.09090909090909093,0,277.328489176808,8,0.7272727272727273,2025_3,SAV_GRR,G4_SAV_GRR
2022,2,AA_CODESHARE,DFW,TLH,55,55,1,1,0.3747569984447901,1,0.07272727272727272,0.07272727272727272,0.16363636363636364,403.0132422513579,38,0.8260869565217391,2022_2,DFW_TLH,AA_CODESHARE_DFW_TLH
2024,10,UA,DEN,TUL,32,198,3,0.381695745332109,0.3371829626053697,0.16161616161616163,0.15625,0.15625,0,57.79935225387688,31,0.96875,2024_10,DEN_TUL,UA_DEN_TUL
2021,1,HA,OGG,LIH,26,26,1,1,0.40172642762284194,1,0.03846153846153846,0.03846153846153846,0.03846153846153846,16.61846362734333,25,1,2021_1,OGG_LIH,HA_OGG_LIH
2020,7,AS_CODESHARE,LAS,PDX,62,224,5,0.30727838010204084,0.02446483180428134,0.2767857142857143,0.03225806451612903,0.06451612903225806,0.03225806451612903,191.54496086793387,60,1,2020_7,LAS_PDX,AS_CODESHARE_LAS_PDX
2023,3,NK,TPA,DFW,21,254,3,0.6541943083886169,0.08064735482116143,0.08267716535433071,0.1904761904761905,0.23809523809523808,0.04761904761904761,73.64457674676748,20,1,2023_3,TPA_DFW,NK_TPA_DFW
2024,12,DL,BOS,SLC,73,88,2,0.7172004132231404,0.18225399495374264,0.8295454545454546,0.2876712328767123,0.2054794520547945,0,524.6534849782737,54,0.7397260273972602,2024_12,BOS_SLC,DL_BOS_SLC
2021,6,AA,CLT,ATL,112,473,3,0.3748508239879497,0.4070182394924663,0.23678646934460887,0.21428571428571427,0.2767857142857143,0.00892857142857142,494.23978669120385,45,0.40540540540540543,2021_6,CLT_ATL,AA_CLT_ATL
2024,5,AS,SEA,RSW,9,9,1,1,0.4236025609455799,1,0.5555555555555556,0.3333333333333333,0,43.669211121796096,9,1,2024_5,SEA_RSW,AS_SEA_RSW
2022,4,DL,JAC,SLC,30,30,1,1,0.3238095238095238,1,0.2,0.23333333333333336,0.03333333333333333,373.4250341870982,21,0.7241379310344828,2022_4,JAC_SLC,DL_JAC_SLC
2021,10,AS_CODESHARE,BOI,SMF,25,56,2,0.5057397959183674,0.28987455197132617,0.44642857142857145,0.2,0.2,0,142.3233173681202,19,0.76,2021_10,BOI_SMF,AS_CODESHARE_BOI_SMF
2021,12,DL,LAX,SEA,181,525,5,0.34887619047619045,0.14466456828982288,0.34476190476190477,0.24861878453038672,0.1712707182320442,0.06629834254143646,436.45786099759863,120,0.7100591715976331,2021_12,LAX_SEA,DL_LAX_SEA
2022,8,AA,BOS,LAX,124,441,4,0.2709004992775644,0.14944201843765162,0.2811791383219955,0.24193548387096775,0.2258064516129032,0.04032258064516129,596.0383475263793,57,0.4789915966386555,2022_8,BOS_LAX,AA_BOS_LAX
2024,5,AA,ORF,MIA,62,62,1,1,0.15718717683557393,1,0.24193548387096775,0.20967741935483872,0.03225806451612903,656.754624870001,26,0.43333333333333335,2024_5,ORF_MIA,AA_ORF_MIA
2023,10,G4,SFB,TYS,54,54,1,1,1,1,0.14814814814814814,0.14814814814814814,0,346.62550805902436,46,0.8518518518518519,2023_10,SFB_TYS,G4_SFB_TYS
2023,11,B6,EWR,LAX,106,513,4,0.35316089661016303,0.04473796335747763,0.20662768031189083,0.1509433962264151,0.1509433962264151,0,537.9756729704388,55,0.5188679245283019,2023_11,EWR_LAX,B6_EWR_LAX
2020,3,NK,LAS,BUR,60,353,2,0.717837395372726,0.10661322645290582,0.169971671388102,0.11666666666666668,0.13333333333333333,0.43333333333333335,360.0734129939311,30,0.8823529411764706,2020_3,LAS_BUR,NK_LAS_BUR
2022,3,AA_CODESHARE,CID,CLT,61,61,1,1,0.35994930291508237,1,0.06557377049180328,0.03278688524590164,0,505.2414777308689,30,0.4918032786885246,2022_3,CID_CLT,AA_CODESHARE_CID_CLT
2021,4,DL,IAH,LAX,37,337,4,0.3539258072185192,0.03447084233261339,0.10979228486646884,0.05405405405405406,0.13513513513513514,0,452.5212569460003,20,0.5405405405405406,2021_4,IAH_LAX,DL_IAH_LAX
2024,9,UA,PBI,EWR,175,209,2,0.7275703395068795,0.1034675615212528,0.8373205741626795,0.14285714285714285,0.14857142857142858,0.00571428571428571,462.8725096632765,117,0.6724137931034483,2024_9,PBI_EWR,UA_PBI_EWR
2024,8,WN,ONT,BNA,31,31,1,1,0.3961352657004831,1,0.03225806451612903,0,0,131.74514334767306,31,1,2024_8,ONT_BNA,WN_ONT_BNA
2025,12,DL_CODESHARE,DSM,DTW,83,83,1,1,0.1706374758531874,1,0.30120481927710846,0.3614457831325301,0.06024096385542168,519.2198261315733,45,0.569620253164557,2025_12,DSM_DTW,DL_CODESHARE_DSM_DTW
2024,4,AS,SFO,PDX,55,310,4,0.3211446409989594,0.07372296364473079,0.1774193548387097,0.4545454545454546,0.4545454545454546,0,232.8811028847297,28,0.509090909090909,2024_4,SFO_PDX,AS_SFO_PDX
2020,2,G4,SFB,ROA,8,8,1,1,1,1,0.25,0.25,0,216.90283374293264,8,1,2020_2,SFB_ROA,G4_SFB_ROA
2021,7,F9,MIA,LAS,31,93,2,0.5555555555555555,0.06855081178592905,0.3333333333333333,0.7096774193548387,0.6129032258064516,0,165.12093319941346,11,0.3548387096774194,2021_7,MIA_LAS,F9_MIA_LAS
2021,8,DL,SLC,JAC,77,139,2,0.505822679985508,0.3797446213048802,0.5539568345323741,0.14285714285714285,0.16883116883116883,0,411.36113442062685,46,0.5974025974025974,2021_8,SLC_JAC,DL_SLC_JAC
2023,3,B6,RDU,BOS,117,260,3,0.480680473372781,0.0563613758806465,0.45,0.29914529914529914,0.26495726495726496,0.02564102564102564,474.551595006715,78,0.6782608695652174,2023_3,RDU_BOS,B6_RDU_BOS
2022,6,UA_CODESHARE,IAH,RAP,4,4,1,1,0.400194505227328,1,0,0.25,0,29.3981291921782,4,1,2022_6,IAH_RAP,UA_CODESHARE_IAH_RAP
2025,6,DL,CLE,SLC,7,7,1,1,0.08984175599795814,1,0.14285714285714285,0.14285714285714285,0,32.3301422087515,7,1,2025_6,CLE_SLC,DL_CLE_SLC
2021,11,WN,OGG,SJC,60,120,3,0.375,0.226694045174538,0.5,0.18333333333333332,0.18333333333333332,0,289.3495608456697,60,1,2021_11,OGG_SJC,WN_OGG_SJC
2024,10,G4,IDA,LAS,8,8,1,1,0.08943089430894309,1,0.5,0.625,0,142.90431364078154,6,0.75,2024_10,IDA_LAS,G4_IDA_LAS
2024,7,UA_CODESHARE,GSO,DEN,31,31,1,1,0.1434327155519742,1,0.12903225806451613,0.0967741935483871,0,68.39559188461864,31,1,2024_7,GSO_DEN,UA_CODESHARE_GSO_DEN
2025,9,UA,ORD,AUS,121,258,4,0.38167778378703204,0.28711878658516865,0.4689922480620155,0.1652892561983471,0.15702479338842976,0,483.64847786149505,95,0.7851239669421488,2025_9,ORD_AUS,UA_ORD_AUS
2021,12,AA,CLT,BDL,120,120,1,1,0.4151444350042481,1,0.10833333333333334,0.125,0,497.69183511998466,97,0.8083333333333333,2021_12,CLT_BDL,AA_CLT_BDL
2024,10,AA,ORD,LGA,224,954,5,0.318038579697533,0.1700420328620558,0.2348008385744235,0.14732142857142858,0.17410714285714285,0,435.3160242620758,175,0.78125,2024_10,ORD_LGA,AA_ORD_LGA
